{
  "display": {
    "icon": {
      "id": "minecraft:flowering_azalea"
    },
    "title": {
      "text": "Bees"
    },
    "description": {
      "text": "I wonder how you can get them..."
    },
    "frame": "task",
    "show_toast": false,
    "announce_to_chat": false,
    "hidden": false
  },
  "parent": "furbytracker:other_progress_trackers/hoglins",
  "criteria": {
    "bred_animal": {
      "conditions": {
        "child": [
          {
            "condition": "minecraft:entity_properties",
            "entity": "this",
            "predicate": {
              "type": "minecraft:bee"
            }
          }
        ]
      },
      "trigger": "minecraft:bred_animals"
    }
  },
  "requirements": [
    [
      "bred_animal"
    ]
  ],
  "sends_telemetry_event": false
}