{
  "display": {
    "icon": {
      "id": "minecraft:silence_armor_trim_smithing_template"
    },
    "title": {
      "text": "Silence Armor Trim"
    },
    "description": {
      "text": "Be silent when seeking this trim"
    },
    "frame": "task",
    "show_toast": false,
    "announce_to_chat": false,
    "hidden": false
  },
  "parent": "furbytracker:other_progress_trackers/ward_trim",
  "criteria": {
    "armor_trimmed_minecraft:silence_armor_trim_smithing_template_smithing_trim": {
      "conditions": {
        "recipe_id": "minecraft:silence_armor_trim_smithing_template_smithing_trim"
      },
      "trigger": "minecraft:recipe_crafted"
    }
  },
  "requirements": [
    [
      "armor_trimmed_minecraft:silence_armor_trim_smithing_template_smithing_trim"
    ]
  ],
  "sends_telemetry_event": false
}