{
  "display": {
    "icon": {
      "id": "minecraft:warped_fungus"
    },
    "title": {
      "text": "Warped Forest"
    },
    "description": {
      "text": ""
    },
    "frame": "task",
    "show_toast": false,
    "announce_to_chat": false,
    "hidden": false
  },
  "parent": "furbytracker:other_progress_trackers/crimson_forest",
  "criteria": {
    "in_biome": {
      "trigger": "minecraft:location",
      "conditions": {
        "player": [
          {
            "condition": "minecraft:location_check",
            "predicate": {
              "biomes": "minecraft:warped_forest"
            }
          }
        ]
      }
    }
  },
  "requirements": [
    [
      "in_biome"
    ]
  ],
  "sends_telemetry_event": false
}