{
  "parent": "minecraft:recipes/root",
  "criteria": {
    "has_lots_of_items": {
      "conditions": {
        "slots": {
          "occupied": {
            "min": 10
          }
        }
      },
      "trigger": "minecraft:inventory_changed"
    },
    "has_the_recipe": {
      "conditions": {
        "recipe": "minecraft:chest"
      },
      "trigger": "minecraft:recipe_unlocked"
    },
    "has_planks": {
      "trigger": "minecraft:inventory_changed",
      "conditions": {
        "items": [
          {
            "items": "#minecraft:planks"
          }
        ]
      }
    }
  },
  "requirements": [
    [
      "has_the_recipe",
      "has_lots_of_items",
      "has_planks"
    ]
  ],
  "rewards": {
    "recipes": [
      "minecraft:chest"
    ]
  },
  "sends_telemetry_event": false
}