{
  "parent": "minecraft:recipes/root",
  "criteria": {
    "has_stone_pickaxe": {
      "conditions": {
        "items": [
          {
            "items": [
              "minecraft:stone_pickaxe"
            ]
          }
        ]
      },
      "trigger": "minecraft:inventory_changed"
    },
    "has_torch_fuel": {
      "conditions": {
        "items": [
          {
            "items": [
              "minecraft:coal",
              "minecraft:charcoal"
            ]
          }
        ]
      },
      "trigger": "minecraft:inventory_changed"
    },
    "has_the_recipe": {
      "conditions": {
        "recipe": "minecraft:torch"
      },
      "trigger": "minecraft:recipe_unlocked"
    }
  },
  "requirements": [
    [
      "has_the_recipe",
      "has_stone_pickaxe",
      "has_torch_fuel"
    ]
  ],
  "rewards": {
    "recipes": [
      "minecraft:torch"
    ]
  },
  "sends_telemetry_event": false
}