{
  "exclusive_set": [
    "minecraft:unbreaking",
    "minecraft:mending"
  ],
  "primary_items": [],
  "anvil_cost": 3,
  "description": "Trial Breaker",
  "effects": {
    "minecraft:hit_block": [
      {
        "requirements": {
          "condition": "minecraft:any_of",
          "terms": [
            {
              "condition": "minecraft:block_state_property",
              "block": "minecraft:vault"
            },
            {
              "condition": "minecraft:block_state_property",
              "block": "minecraft:trial_spawner"
            }
          ]
        },
        "effect": {
          "type": "minecraft:apply_mob_effect",
          "to_apply": "minecraft:haste",
          "min_duration": 2,
          "max_duration": 2,
          "min_amplifier": 255,
          "max_amplifier": 255
        }
      }
    ]
  },
  "max_cost": {
    "base": 51,
    "per_level_above_first": 10
  },
  "max_level": 1,
  "min_cost": {
    "base": 10,
    "per_level_above_first": 10
  },
  "slots": [
    "mainhand"
  ],
  "supported_items": "#minecraft:pickaxes",
  "weight": 1
}