{
  "parent": "minecraft:adventure/sleep_in_bed",
  "criteria": {
    "furbycave:dripstone_caves": {
      "conditions": {
        "player": [
          {
            "condition": "minecraft:entity_properties",
            "entity": "this",
            "predicate": {
              "location": {
                "biomes": "furbycave:dripstone_caves"
              }
            }
          }
        ]
      },
      "trigger": "minecraft:location"
    },
    "furbycave:lush_caves": {
      "conditions": {
        "player": [
          {
            "condition": "minecraft:entity_properties",
            "entity": "this",
            "predicate": {
              "location": {
                "biomes": "furbycave:lush_caves"
              }
            }
          }
        ]
      },
      "trigger": "minecraft:location"
    },
    "furbycave:deep_dark": {
      "conditions": {
        "player": [
          {
            "condition": "minecraft:entity_properties",
            "entity": "this",
            "predicate": {
              "location": {
                "biomes": "furbycave:deep_dark"
              }
            }
          }
        ]
      },
      "trigger": "minecraft:location"
    }
  },
  "display": {
    "description": "Explore all cave biomes",
    "frame": "goal",
    "icon": {
      "id": "minecraft:diamond_pickaxe"
    },
    "title": "Caving Time"
  },
  "requirements": [
    [
      "furbycave:dripstone_caves"
    ],
    [
      "furbycave:lush_caves"
    ],
    [
      "furbycave:deep_dark"
    ]
  ],
  "rewards": {
    "experience": 50
  },
  "sends_telemetry_event": false
}