{
  "parent": "minecraft:adventure/root",
  "criteria": {
    "kill_a_mob": {
      "conditions": {
        "entity": [
          {
            "condition": "minecraft:entity_properties",
            "entity": "this",
            "predicate": {
              "type": "#furbytracker:monster_hunter"
            }
          }
        ]
      },
      "trigger": "minecraft:player_killed_entity"
    }
  },
  "display": {
    "description": {
      "translate": "advancements.adventure.kill_a_mob.description"
    },
    "icon": {
      "id": "minecraft:iron_sword"
    },
    "title": {
      "translate": "advancements.adventure.kill_a_mob.title"
    }
  },
  "requirements": [
    [
      "kill_a_mob"
    ]
  ],
  "sends_telemetry_event": false
}