{
  "parent": "minecraft:adventure/trade",
  "criteria": {
    "summoned_golem": {
      "conditions": {
        "entity": [
          {
            "condition": "minecraft:entity_properties",
            "entity": "this",
            "predicate": {
              "type": "minecraft:iron_golem"
            }
          }
        ]
      },
      "trigger": "minecraft:summoned_entity"
    }
  },
  "display": {
    "description": "Summon an Iron Golem to defend a Villager",
    "frame": "goal",
    "icon": {
      "count": 1,
      "id": "minecraft:carved_pumpkin"
    },
    "title": {
      "translate": "advancements.adventure.summon_iron_golem.title"
    }
  },
  "requirements": [
    [
      "summoned_golem"
    ]
  ],
  "rewards": {
    "experience": 50
  },
  "sends_telemetry_event": false
}