{
  "parent": "minecraft:story/cure_zombie_villager",
  "criteria": {
    "traded": {
      "trigger": "minecraft:villager_trade"
    }
  },
  "display": {
    "description": {
      "translate": "advancements.adventure.trade.description"
    },
    "frame": "task",
    "icon": {
      "count": 1,
      "id": "minecraft:emerald"
    },
    "title": {
      "translate": "advancements.adventure.trade.title"
    }
  },
  "requirements": [
    [
      "traded"
    ]
  ],
  "sends_telemetry_event": false
}