{
  "parent": "minecraft:adventure/trim_with_any_armor_pattern",
  "criteria": {
    "armor_trimmed_minecraft:bolt_armor_trim_smithing_template_smithing_trim": {
      "conditions": {
        "recipe_id": "minecraft:bolt_armor_trim_smithing_template_smithing_trim"
      },
      "trigger": "minecraft:recipe_crafted"
    },
    "armor_trimmed_minecraft:eye_armor_trim_smithing_template_smithing_trim": {
      "conditions": {
        "recipe_id": "minecraft:eye_armor_trim_smithing_template_smithing_trim"
      },
      "trigger": "minecraft:recipe_crafted"
    },
    "armor_trimmed_minecraft:flow_armor_trim_smithing_template_smithing_trim": {
      "conditions": {
        "recipe_id": "minecraft:flow_armor_trim_smithing_template_smithing_trim"
      },
      "trigger": "minecraft:recipe_crafted"
    },
    "armor_trimmed_minecraft:rib_armor_trim_smithing_template_smithing_trim": {
      "conditions": {
        "recipe_id": "minecraft:rib_armor_trim_smithing_template_smithing_trim"
      },
      "trigger": "minecraft:recipe_crafted"
    },
    "armor_trimmed_minecraft:silence_armor_trim_smithing_template_smithing_trim": {
      "conditions": {
        "recipe_id": "minecraft:silence_armor_trim_smithing_template_smithing_trim"
      },
      "trigger": "minecraft:recipe_crafted"
    },
    "armor_trimmed_minecraft:snout_armor_trim_smithing_template_smithing_trim": {
      "conditions": {
        "recipe_id": "minecraft:snout_armor_trim_smithing_template_smithing_trim"
      },
      "trigger": "minecraft:recipe_crafted"
    },
    "armor_trimmed_minecraft:spire_armor_trim_smithing_template_smithing_trim": {
      "conditions": {
        "recipe_id": "minecraft:spire_armor_trim_smithing_template_smithing_trim"
      },
      "trigger": "minecraft:recipe_crafted"
    },
    "armor_trimmed_minecraft:ward_armor_trim_smithing_template_smithing_trim": {
      "conditions": {
        "recipe_id": "minecraft:ward_armor_trim_smithing_template_smithing_trim"
      },
      "trigger": "minecraft:recipe_crafted"
    }
  },
  "display": {
    "description": "Apply each obtainable armor trim smithing template at least once",
    "frame": "challenge",
    "icon": {
      "id": "minecraft:smithing_table"
    },
    "title": {
      "translate": "advancements.adventure.trim_with_all_exclusive_armor_patterns.title"
    }
  },
  "requirements": [
    [
      "armor_trimmed_minecraft:bolt_armor_trim_smithing_template_smithing_trim"
    ],
    [
      "armor_trimmed_minecraft:eye_armor_trim_smithing_template_smithing_trim"
    ],
    [
      "armor_trimmed_minecraft:flow_armor_trim_smithing_template_smithing_trim"
    ],
    [
      "armor_trimmed_minecraft:rib_armor_trim_smithing_template_smithing_trim"
    ],
    [
      "armor_trimmed_minecraft:silence_armor_trim_smithing_template_smithing_trim"
    ],
    [
      "armor_trimmed_minecraft:snout_armor_trim_smithing_template_smithing_trim"
    ],
    [
      "armor_trimmed_minecraft:spire_armor_trim_smithing_template_smithing_trim"
    ],
    [
      "armor_trimmed_minecraft:ward_armor_trim_smithing_template_smithing_trim"
    ]
  ],
  "rewards": {
    "experience": 1000
  },
  "sends_telemetry_event": false
}