{
  "type": "minecraft:chest",
  "pools": [
    {
      "bonus_rolls": 0.0,
      "entries": [
        {
          "type": "minecraft:loot_table",
          "value": "minecraft:chests/trial_chambers/reward_ominous_rare",
          "weight": 8
        },
        {
          "type": "minecraft:loot_table",
          "value": "minecraft:chests/trial_chambers/reward_ominous_common",
          "weight": 2
        }
      ],
      "rolls": 1.0
    },
    {
      "bonus_rolls": 0.0,
      "entries": [
        {
          "type": "minecraft:loot_table",
          "value": "minecraft:chests/trial_chambers/reward_ominous_common"
        }
      ],
      "rolls": {
        "type": "minecraft:uniform",
        "max": 3.0,
        "min": 1.0
      }
    },
    {
      "bonus_rolls": 0.0,
      "entries": [
        {
          "type": "minecraft:loot_table",
          "value": "minecraft:chests/trial_chambers/reward_ominous_unique"
        }
      ],
      "rolls": 1.0
    },
    {
      "rolls": 1,
      "bonus_rolls": 0,
      "entries": [
        {
          "type": "minecraft:item",
          "name": "minecraft:golden_pickaxe",
          "functions": [
            {
              "function": "minecraft:enchant_randomly",
              "options": "furbyessential:trial_breaker"
            }
          ]
        }
      ],
      "conditions": [
        {
          "condition": "minecraft:random_chance",
          "chance": 0.2
        }
      ]
    }
  ],
  "random_sequence": "minecraft:chests/trial_chambers/reward_ominous"
}