{
  "parent": "minecraft:husbandry/root",
  "criteria": {
    "then_youll_have_a_cake": {
      "trigger": "minecraft:recipe_crafted",
      "conditions": {
        "recipe_id": "minecraft:cake"
      }
    }
  },
  "display": {
    "description": "Bake a pretty Cake!",
    "frame": "challenge",
    "icon": {
      "id": "minecraft:cake"
    },
    "title": "Cooking by the Book"
  },
  "requirements": [
    [
      "then_youll_have_a_cake"
    ]
  ],
  "rewards": {
    "experience": 300
  },
  "sends_telemetry_event": false
}