{
  "parent": "furbycave:husbandry/plant_pumpkin",
  "criteria": {
    "crop": {
      "conditions": {
        "location": [
          {
            "block": "minecraft:potatoes",
            "condition": "minecraft:block_state_property"
          }
        ]
      },
      "trigger": "minecraft:placed_block"
    }
  },
  "display": {
    "description": "Start a Potato farm",
    "icon": {
      "id": "minecraft:potato"
    },
    "title": "Fool's Emerald"
  },
  "requirements": [
    [
      "crop"
    ]
  ],
  "sends_telemetry_event": false
}