{
  "parent": "furbycave:husbandry/plant_nether_wart",
  "criteria": {
    "crop": {
      "conditions": {
        "location": [
          {
            "condition": "minecraft:all_of",
            "terms": [
              {
                "condition": "minecraft:block_state_property",
                "block": "minecraft:chorus_flower"
              },
              {
                "condition": "minecraft:location_check",
                "predicate": {
                  "dimension": "minecraft:overworld"
                }
              }
            ]
          }
        ]
      },
      "trigger": "minecraft:placed_block"
    }
  },
  "display": {
    "description": "Start a Chorus farm in the Overworld",
    "icon": {
      "id": "minecraft:chorus_flower"
    },
    "title": "Breaching the Choir"
  },
  "requirements": [
    [
      "crop"
    ]
  ],
  "sends_telemetry_event": false
}