{
  "parent": "minecraft:husbandry/root",
  "criteria": {
    "crop": {
      "conditions": {
        "location": [
          {
            "block": "minecraft:sugar_cane",
            "condition": "minecraft:block_state_property"
          }
        ]
      },
      "trigger": "minecraft:placed_block"
    }
  },
  "display": {
    "description": "Start a Sugar Cane farm",
    "frame": "goal",
    "icon": {
      "id": "minecraft:sugar_cane"
    },
    "title": "Neither Lazy Nor Apathetic"
  },
  "requirements": [
    [
      "crop"
    ]
  ],
  "rewards": {
    "experience": 50
  },
  "sends_telemetry_event": false
}