{
  "display": {
    "icon": {
      "id": "minecraft:crossbow"
    },
    "title": {
      "translate": "advancements.adventure.arbalistic.title"
    },
    "description": {
      "translate": "advancements.adventure.arbalistic.description"
    },
    "frame": "challenge",
    "hidden": false
  },
  "parent": "minecraft:adventure/ol_betsy",
  "criteria": {
    "arbalistic": {
      "trigger": "minecraft:killed_by_arrow",
      "conditions": {
        "unique_entity_types": 5,
        "fired_from_weapon": {
          "items": "minecraft:crossbow"
        }
      }
    }
  },
  "requirements": [
    [
      "arbalistic"
    ]
  ],
  "rewards": {
    "experience": 500
  },
  "sends_telemetry_event": false
}