{
  "parent": "minecraft:adventure/kill_mob_near_sculk_catalyst",
  "criteria": {
    "ancient_city": {
      "conditions": {
        "player": [
          {
            "condition": "minecraft:entity_properties",
            "entity": "this",
            "predicate": {
              "location": {
                "structures": "minecraft:ancient_city"
              }
            }
          }
        ]
      },
      "trigger": "minecraft:location"
    }
  },
  "display": {
    "description": "Explore an Ancient City",
    "frame": "goal",
    "icon": {
      "id": "minecraft:reinforced_deepslate"
    },
    "title": "Caution to the Chasm"
  },
  "requirements": [
    [
      "ancient_city"
    ]
  ],
  "rewards": {
    "experience": 50
  },
  "sends_telemetry_event": false
}