{
  "parent": "minecraft:adventure/root",
  "criteria": {
    "mineshaft": {
      "conditions": {
        "player": [
          {
            "condition": "minecraft:entity_properties",
            "entity": "this",
            "predicate": {
              "location": {
                "structures": "#minecraft:mineshaft"
              }
            }
          }
        ]
      },
      "trigger": "minecraft:location"
    }
  },
  "display": {
    "description": "Explore an Abandoned Mineshaft",
    "frame": "goal",
    "icon": {
      "id": "minecraft:minecart"
    },
    "title": "Mining Away..."
  },
  "requirements": [
    [
      "mineshaft"
    ]
  ],
  "rewards": {
    "experience": 50
  },
  "sends_telemetry_event": false
}