{
  "parent": "minecraft:adventure/root",
  "criteria": {
    "spyglass_at_bat": {
      "conditions": {
        "item": {
          "items": "minecraft:spyglass"
        },
        "player": [
          {
            "condition": "minecraft:entity_properties",
            "entity": "this",
            "predicate": {
              "type_specific": {
                "type": "minecraft:player",
                "looking_at": {
                  "type": "minecraft:bat"
                }
              }
            }
          }
        ]
      },
      "trigger": "minecraft:using_item"
    }
  },
  "display": {
    "description": "Look at a Bat through a Spyglass",
    "icon": {
      "count": 1,
      "id": "minecraft:spyglass"
    },
    "title": "Is It a Bat?"
  },
  "requirements": [
    [
      "spyglass_at_bat"
    ]
  ],
  "sends_telemetry_event": false
}