{
  "parent": "furbypack:exiling_the_exiled",
  "criteria": {
    "two_birds": {
      "conditions": {
        "fired_from_weapon": {
          "items": "minecraft:crossbow"
        },
        "victims": [
          [
            {
              "condition": "minecraft:entity_properties",
              "entity": "this",
              "predicate": {
                "type": "minecraft:phantom"
              }
            }
          ],
          [
            {
              "condition": "minecraft:entity_properties",
              "entity": "this",
              "predicate": {
                "type": "minecraft:phantom"
              }
            }
          ]
        ]
      },
      "trigger": "minecraft:killed_by_arrow"
    }
  },
  "display": {
    "description": {
      "translate": "advancements.adventure.two_birds_one_arrow.description"
    },
    "frame": "challenge",
    "icon": {
      "count": 1,
      "id": "minecraft:crossbow"
    },
    "title": {
      "translate": "advancements.adventure.two_birds_one_arrow.title"
    }
  },
  "requirements": [
    [
      "two_birds"
    ]
  ],
  "rewards": {
    "experience": 1000
  },
  "sends_telemetry_event": false
}