{
  "parent": "minecraft:recipes/root",
  "criteria": {
    "has_the_recipe": {
      "conditions": {
        "recipe": "minecraft:bell"
      },
      "trigger": "minecraft:recipe_unlocked"
    },
    "has_gold": {
      "trigger": "minecraft:inventory_changed",
      "conditions": {
        "items": [
          {
            "items": "minecraft:gold_ingot"
          }
        ]
      }
    },
    "has_amethyst": {
      "trigger": "minecraft:inventory_changed",
      "conditions": {
        "items": [
          {
            "items": "minecraft:amethyst_shard"
          }
        ]
      }
    },
    "has_bell": {
      "trigger": "minecraft:inventory_changed",
      "conditions": {
        "items": [
          {
            "items": "minecraft:bell"
          }
        ]
      }
    }
  },
  "requirements": [
    [
      "has_the_recipe",
      "has_gold",
      "has_amethyst",
      "has_bell"
    ]
  ],
  "rewards": {
    "recipes": [
      "minecraft:bell"
    ]
  },
  "sends_telemetry_event": false
}