{
  "parent": "minecraft:husbandry/breed_an_animal",
  "criteria": {
    "minecraft:axolotl": {
      "conditions": {
        "child": [
          {
            "condition": "minecraft:entity_properties",
            "entity": "this",
            "predicate": {
              "type": "minecraft:axolotl"
            }
          }
        ]
      },
      "trigger": "minecraft:bred_animals"
    },
    "minecraft:chicken": {
      "conditions": {
        "child": [
          {
            "condition": "minecraft:entity_properties",
            "entity": "this",
            "predicate": {
              "type": "minecraft:chicken"
            }
          }
        ]
      },
      "trigger": "minecraft:bred_animals"
    },
    "minecraft:strider": {
      "conditions": {
        "child": [
          {
            "condition": "minecraft:entity_properties",
            "entity": "this",
            "predicate": {
              "type": "minecraft:strider"
            }
          }
        ]
      },
      "trigger": "minecraft:bred_animals"
    },
    "minecraft:hoglin": {
      "conditions": {
        "child": [
          {
            "condition": "minecraft:entity_properties",
            "entity": "this",
            "predicate": {
              "type": "minecraft:hoglin"
            }
          }
        ]
      },
      "trigger": "minecraft:bred_animals"
    },
    "minecraft:bee": {
      "conditions": {
        "child": [
          {
            "condition": "minecraft:entity_properties",
            "entity": "this",
            "predicate": {
              "type": "minecraft:bee"
            }
          }
        ]
      },
      "trigger": "minecraft:bred_animals"
    }
  },
  "display": {
    "description": "Breed all available animals!",
    "frame": "challenge",
    "icon": {
      "id": "minecraft:blue_egg"
    },
    "title": {
      "translate": "advancements.husbandry.breed_all_animals.title"
    }
  },
  "requirements": [
    [
      "minecraft:axolotl"
    ],
    [
      "minecraft:chicken"
    ],
    [
      "minecraft:strider"
    ],
    [
      "minecraft:hoglin"
    ],
    [
      "minecraft:bee"
    ]
  ],
  "rewards": {
    "experience": 1000
  },
  "sends_telemetry_event": false
}