{
  "parent": "minecraft:husbandry/root",
  "criteria": {
    "minecraft:chicken": {
      "conditions": {
        "child": [
          {
            "condition": "minecraft:entity_properties",
            "entity": "this",
            "predicate": {
              "type": "minecraft:chicken"
            }
          }
        ]
      },
      "trigger": "minecraft:bred_animals"
    }
  },
  "display": {
    "description": "Breed two Chickens to start a Chicken farm",
    "frame": "challenge",
    "icon": {
      "id": "minecraft:chicken"
    },
    "title": "Premium Poultry"
  },
  "requirements": [
    [
      "minecraft:chicken"
    ]
  ],
  "rewards": {
    "experience": 200
  },
  "sends_telemetry_event": false
}