{
  "parent": "minecraft:husbandry/axolotl_in_a_bucket",
  "criteria": {
    "kill_axolotl_target": {
      "conditions": {
        "source": [
          {
            "condition": "minecraft:entity_properties",
            "entity": "this",
            "predicate": {
              "type": "minecraft:axolotl"
            }
          }
        ]
      },
      "trigger": "minecraft:effects_changed"
    }
  },
  "display": {
    "description": {
      "translate": "advancements.husbandry.kill_axolotl_target.description"
    },
    "frame": "goal",
    "icon": {
      "id": "minecraft:potion",
      "components": {
        "minecraft:potion_contents": {
          "potion": "minecraft:regeneration"
        }
      }
    },
    "title": {
      "translate": "advancements.husbandry.kill_axolotl_target.title"
    }
  },
  "requirements": [
    [
      "kill_axolotl_target"
    ]
  ],
  "rewards": {
    "experience": 100
  },
  "sends_telemetry_event": false
}