{
  "criteria": {
    "consumed_item": {
      "trigger": "minecraft:consume_item"
    },
    "cake": {
      "trigger": "minecraft:default_block_use",
      "conditions": {
        "location": [
          {
            "condition": "minecraft:any_of",
            "terms": [
              {
                "condition": "minecraft:location_check",
                "predicate": {
                  "block": {
                    "blocks": "minecraft:cake"
                  }
                }
              },
              {
                "condition": "minecraft:location_check",
                "predicate": {
                  "block": {
                    "blocks": "#minecraft:candle_cakes"
                  }
                }
              }
            ]
          }
        ]
      }
    }
  },
  "display": {
    "announce_to_chat": false,
    "background": "minecraft:gui/advancements/backgrounds/husbandry",
    "description": {
      "translate": "advancements.husbandry.root.description"
    },
    "icon": {
      "count": 1,
      "id": "minecraft:hay_block"
    },
    "show_toast": false,
    "title": {
      "translate": "advancements.husbandry.root.title"
    }
  },
  "requirements": [
    [
      "consumed_item",
      "cake"
    ]
  ],
  "sends_telemetry_event": false
}