{
  "parent": "minecraft:recipes/root",
  "criteria": {
    "has_the_recipe": {
      "conditions": {
        "recipe": "furbycave:misc/enderecho_summoning_sphere"
      },
      "trigger": "minecraft:recipe_unlocked"
    },
    "has_ender_eye": {
      "trigger": "minecraft:inventory_changed",
      "conditions": {
        "items": [
          {
            "items": "minecraft:ender_eye"
          }
        ]
      }
    },
    "has_echo_shard": {
      "trigger": "minecraft:inventory_changed",
      "conditions": {
        "items": [
          {
            "items": "minecraft:echo_shard"
          }
        ]
      }
    }
  },
  "requirements": [
    [
      "has_the_recipe",
      "has_ender_eye",
      "has_echo_shard"
    ]
  ],
  "rewards": {
    "recipes": [
      "furbycave:misc/enderecho_summoning_sphere"
    ]
  }
}