{
  "parent": "minecraft:recipes/root",
  "criteria": {
    "has_the_recipe": {
      "conditions": {
        "recipe": "furbycave:smithing/wither_drain_book"
      },
      "trigger": "minecraft:recipe_unlocked"
    },
    "has_nether_star": {
      "trigger": "minecraft:inventory_changed",
      "conditions": {
        "items": [
          {
            "items": "minecraft:nether_star"
          }
        ]
      }
    }
  },
  "requirements": [
    [
      "has_the_recipe",
      "has_nether_star"
    ]
  ],
  "rewards": {
    "recipes": [
      "furbycave:smithing/wither_drain_book"
    ]
  },
  "sends_telemetry_event": false
}