{
  "anvil_cost": 5,
  "description": "Wither Drain",
  "effects": {
    "minecraft:post_attack": [
      {
        "requirements": {
          "condition": "minecraft:all_of",
          "terms": [
            {
              "condition": "minecraft:inverted",
              "term": {
                "condition": "minecraft:entity_properties",
                "entity": "this",
                "predicate": {
                  "type": "#furbycave:immune_to_wither"
                }
              }
            },
            {
              "condition": "minecraft:any_of",
              "terms": [
                {
                  "condition": "minecraft:damage_source_properties",
                  "predicate": {
                    "is_direct": true
                  }
                },
                {
                  "condition": "minecraft:damage_source_properties",
                  "predicate": {
                    "direct_entity": {
                      "type": "minecraft:trident"
                    }
                  }
                }
              ]
            }
          ]
        },
        "effect": {
          "type": "minecraft:apply_mob_effect",
          "to_apply": "minecraft:wither",
          "min_duration": {
            "type": "minecraft:clamped",
            "value": {
              "type": "minecraft:linear",
              "base": 10,
              "per_level_above_first": 5
            },
            "min": 10,
            "max": 60
          },
          "max_duration": {
            "type": "minecraft:clamped",
            "value": {
              "type": "minecraft:linear",
              "base": 10,
              "per_level_above_first": 5
            },
            "min": 10,
            "max": 60
          },
          "min_amplifier": {
            "type": "minecraft:clamped",
            "value": {
              "type": "minecraft:linear",
              "base": 0,
              "per_level_above_first": 0.5
            },
            "min": 0,
            "max": 2
          },
          "max_amplifier": {
            "type": "minecraft:clamped",
            "value": {
              "type": "minecraft:linear",
              "base": 0,
              "per_level_above_first": 0.5
            },
            "min": 0,
            "max": 2
          }
        },
        "enchanted": "attacker",
        "affected": "victim"
      },
      {
        "requirements": {
          "condition": "minecraft:all_of",
          "terms": [
            {
              "condition": "minecraft:inverted",
              "term": {
                "condition": "minecraft:entity_properties",
                "entity": "attacker",
                "predicate": {
                  "type": "#minecraft:ignores_poison_and_regen"
                }
              }
            },
            {
              "condition": "minecraft:inverted",
              "term": {
                "condition": "minecraft:entity_properties",
                "entity": "this",
                "predicate": {
                  "type": "#furbycave:immune_to_wither"
                }
              }
            },
            {
              "condition": "minecraft:any_of",
              "terms": [
                {
                  "condition": "minecraft:damage_source_properties",
                  "predicate": {
                    "is_direct": true
                  }
                },
                {
                  "condition": "minecraft:damage_source_properties",
                  "predicate": {
                    "direct_entity": {
                      "type": "minecraft:trident"
                    }
                  }
                }
              ]
            }
          ]
        },
        "effect": {
          "type": "minecraft:apply_mob_effect",
          "to_apply": "minecraft:regeneration",
          "min_duration": {
            "type": "minecraft:clamped",
            "value": {
              "type": "minecraft:linear",
              "base": 10,
              "per_level_above_first": 5
            },
            "min": 10,
            "max": 60
          },
          "max_duration": {
            "type": "minecraft:clamped",
            "value": {
              "type": "minecraft:linear",
              "base": 10,
              "per_level_above_first": 5
            },
            "min": 10,
            "max": 60
          },
          "min_amplifier": {
            "type": "minecraft:clamped",
            "value": {
              "type": "minecraft:linear",
              "base": 0,
              "per_level_above_first": 0.5
            },
            "min": 0,
            "max": 2
          },
          "max_amplifier": {
            "type": "minecraft:clamped",
            "value": {
              "type": "minecraft:linear",
              "base": 0,
              "per_level_above_first": 0.5
            },
            "min": 0,
            "max": 2
          }
        },
        "enchanted": "attacker",
        "affected": "attacker"
      }
    ]
  },
  "max_cost": {
    "base": 30,
    "per_level_above_first": 5
  },
  "max_level": 1,
  "min_cost": {
    "base": 25,
    "per_level_above_first": 5
  },
  "primary_items": [],
  "slots": [
    "mainhand"
  ],
  "supported_items": "#furbycave:accepts_wither_drain",
  "weight": 1
}