{
  "display": {
    "icon": {
      "id": "minecraft:cake"
    },
    "title": {
      "text": "Cake"
    },
    "description": {
      "text": "At least one slice"
    },
    "frame": "task",
    "show_toast": false,
    "announce_to_chat": false,
    "hidden": false
  },
  "parent": "furbytracker:balanced_diet/steak",
  "criteria": {
    "eat_food": {
      "trigger": "minecraft:default_block_use",
      "conditions": {
        "location": [
          {
            "condition": "minecraft:any_of",
            "terms": [
              {
                "condition": "minecraft:location_check",
                "predicate": {
                  "block": {
                    "blocks": "minecraft:cake"
                  }
                }
              },
              {
                "condition": "minecraft:location_check",
                "predicate": {
                  "block": {
                    "blocks": "#minecraft:candle_cakes"
                  }
                }
              }
            ]
          }
        ]
      }
    }
  },
  "requirements": [
    [
      "eat_food"
    ]
  ],
  "sends_telemetry_event": false
}