{
  "display": {
    "icon": {
      "id": "minecraft:stone"
    },
    "title": {
      "text": "Cave Life"
    },
    "description": {
      "text": ""
    },
    "frame": "goal",
    "show_toast": false,
    "announce_to_chat": false,
    "hidden": false
  },
  "parent": "furbytracker:balanced_diet/root",
  "criteria": {
    "glow_berries": {
      "conditions": {
        "item": {
          "items": "minecraft:glow_berries"
        }
      },
      "trigger": "minecraft:consume_item"
    },
    "raw_bat": {
      "conditions": {
        "item": {
          "items": "minecraft:mutton"
        }
      },
      "trigger": "minecraft:consume_item"
    },
    "cooked_bat": {
      "conditions": {
        "item": {
          "items": "minecraft:cooked_mutton"
        }
      },
      "trigger": "minecraft:consume_item"
    },
    "tropical_fish": {
      "conditions": {
        "item": {
          "items": "minecraft:tropical_fish"
        }
      },
      "trigger": "minecraft:consume_item"
    },
    "spider_eye": {
      "conditions": {
        "item": {
          "items": "minecraft:spider_eye"
        }
      },
      "trigger": "minecraft:consume_item"
    },
    "mushroom_stew": {
      "conditions": {
        "item": {
          "items": "minecraft:mushroom_stew"
        }
      },
      "trigger": "minecraft:consume_item"
    },
    "bread": {
      "conditions": {
        "item": {
          "items": "minecraft:bread"
        }
      },
      "trigger": "minecraft:consume_item"
    }
  },
  "requirements": [
    [
      "glow_berries"
    ],
    [
      "raw_bat"
    ],
    [
      "cooked_bat"
    ],
    [
      "tropical_fish"
    ],
    [
      "spider_eye"
    ],
    [
      "mushroom_stew"
    ],
    [
      "bread"
    ]
  ],
  "sends_telemetry_event": false
}