{
  "display": {
    "icon": {
      "id": "minecraft:end_stone"
    },
    "title": {
      "text": "The End"
    },
    "description": {
      "text": ""
    },
    "frame": "goal",
    "show_toast": false,
    "announce_to_chat": false,
    "hidden": false
  },
  "parent": "furbytracker:balanced_diet/root",
  "criteria": {
    "chorus_fruit": {
      "conditions": {
        "item": {
          "items": "minecraft:chorus_fruit"
        }
      },
      "trigger": "minecraft:consume_item"
    }
  },
  "requirements": [
    [
      "chorus_fruit"
    ]
  ],
  "sends_telemetry_event": false
}