{
  "display": {
    "icon": {
      "id": "minecraft:crimson_nylium"
    },
    "title": {
      "text": "The Nether"
    },
    "description": {
      "text": ""
    },
    "frame": "goal",
    "show_toast": false,
    "announce_to_chat": false,
    "hidden": false
  },
  "parent": "furbytracker:balanced_diet/root",
  "criteria": {
    "raw_porkchop": {
      "conditions": {
        "item": {
          "items": "minecraft:porkchop"
        }
      },
      "trigger": "minecraft:consume_item"
    },
    "cooked_porkchop": {
      "conditions": {
        "item": {
          "items": "minecraft:cooked_porkchop"
        }
      },
      "trigger": "minecraft:consume_item"
    }
  },
  "requirements": [
    [
      "raw_porkchop"
    ],
    [
      "cooked_porkchop"
    ]
  ],
  "sends_telemetry_event": false
}