{
  "display": {
    "icon": {
      "id": "minecraft:rabbit_stew"
    },
    "title": {
      "text": "Rabbit Stew"
    },
    "description": {
      "text": ""
    },
    "frame": "task",
    "show_toast": false,
    "announce_to_chat": false,
    "hidden": false
  },
  "parent": "furbytracker:balanced_diet/villager_trading",
  "criteria": {
    "eat_food": {
      "conditions": {
        "item": {
          "items": "minecraft:rabbit_stew"
        }
      },
      "trigger": "minecraft:consume_item"
    }
  },
  "requirements": [
    [
      "eat_food"
    ]
  ],
  "sends_telemetry_event": false
}