{
  "display": {
    "icon": {
      "id": "minecraft:suspicious_stew",
      "components": {
        "minecraft:suspicious_stew_effects": [
          {
            "id": "minecraft:poison",
            "duration": 240
          }
        ]
      }
    },
    "title": {
      "text": "Suspicious Stew"
    },
    "description": {
      "text": ""
    },
    "frame": "task",
    "show_toast": false,
    "announce_to_chat": false,
    "hidden": false
  },
  "parent": "furbytracker:balanced_diet/cookie",
  "criteria": {
    "eat_food": {
      "conditions": {
        "item": {
          "items": "minecraft:suspicious_stew"
        }
      },
      "trigger": "minecraft:consume_item"
    }
  },
  "requirements": [
    [
      "eat_food"
    ]
  ],
  "sends_telemetry_event": false
}