{
  "display": {
    "icon": {
      "id": "minecraft:trial_key"
    },
    "title": {
      "text": "Trial Chambers"
    },
    "description": {
      "text": ""
    },
    "frame": "goal",
    "show_toast": false,
    "announce_to_chat": false,
    "hidden": false
  },
  "parent": "furbytracker:balanced_diet/root",
  "criteria": {
    "honey_bottle": {
      "conditions": {
        "item": {
          "items": "minecraft:honey_bottle"
        }
      },
      "trigger": "minecraft:consume_item"
    },
    "steak": {
      "conditions": {
        "item": {
          "items": "minecraft:cooked_beef"
        }
      },
      "trigger": "minecraft:consume_item"
    },
    "cake": {
      "trigger": "minecraft:default_block_use",
      "conditions": {
        "location": [
          {
            "condition": "minecraft:any_of",
            "terms": [
              {
                "condition": "minecraft:location_check",
                "predicate": {
                  "block": {
                    "blocks": "minecraft:cake"
                  }
                }
              },
              {
                "condition": "minecraft:location_check",
                "predicate": {
                  "block": {
                    "blocks": "#minecraft:candle_cakes"
                  }
                }
              }
            ]
          }
        ]
      }
    }
  },
  "requirements": [
    [
      "honey_bottle"
    ],
    [
      "steak"
    ],
    [
      "cake"
    ]
  ],
  "sends_telemetry_event": false
}