{
  "display": {
    "icon": {
      "id": "minecraft:zombie_head"
    },
    "title": {
      "text": "Zombie Loot"
    },
    "description": {
      "text": ""
    },
    "frame": "goal",
    "show_toast": false,
    "announce_to_chat": false,
    "hidden": false
  },
  "parent": "furbytracker:balanced_diet/root",
  "criteria": {
    "rotten_flesh": {
      "conditions": {
        "item": {
          "items": "minecraft:rotten_flesh"
        }
      },
      "trigger": "minecraft:consume_item"
    },
    "potato": {
      "conditions": {
        "item": {
          "items": "minecraft:potato"
        }
      },
      "trigger": "minecraft:consume_item"
    },
    "baked_potato": {
      "conditions": {
        "item": {
          "items": "minecraft:baked_potato"
        }
      },
      "trigger": "minecraft:consume_item"
    },
    "poisonous_potato": {
      "conditions": {
        "item": {
          "items": "minecraft:poisonous_potato"
        }
      },
      "trigger": "minecraft:consume_item"
    },
    "carrot": {
      "conditions": {
        "item": {
          "items": "minecraft:carrot"
        }
      },
      "trigger": "minecraft:consume_item"
    },
    "golden_carrot": {
      "conditions": {
        "item": {
          "items": "minecraft:golden_carrot"
        }
      },
      "trigger": "minecraft:consume_item"
    },
    "raw_chicken": {
      "conditions": {
        "item": {
          "items": "minecraft:chicken"
        }
      },
      "trigger": "minecraft:consume_item"
    },
    "cooked_chicken": {
      "conditions": {
        "item": {
          "items": "minecraft:cooked_chicken"
        }
      },
      "trigger": "minecraft:consume_item"
    }
  },
  "requirements": [
    [
      "rotten_flesh"
    ],
    [
      "potato"
    ],
    [
      "baked_potato"
    ],
    [
      "poisonous_potato"
    ],
    [
      "carrot"
    ],
    [
      "golden_carrot"
    ],
    [
      "raw_chicken"
    ],
    [
      "cooked_chicken"
    ]
  ],
  "sends_telemetry_event": false
}