{
  "parent": "minecraft:story/root",
  "criteria": {
    "has_wood": {
      "trigger": "minecraft:inventory_changed",
      "conditions": {
        "items": [
          {
            "items": "#minecraft:logs"
          }
        ]
      }
    },
    "has_planks": {
      "trigger": "minecraft:inventory_changed",
      "conditions": {
        "items": [
          {
            "items": "#minecraft:planks"
          }
        ]
      }
    }
  },
  "display": {
    "description": "Find a source of Wood",
    "icon": {
      "id": "minecraft:oak_log",
      "components": {
        "minecraft:block_state": {
          "axis": "y"
        }
      }
    },
    "title": "Nullarbor No More"
  },
  "requirements": [
    [
      "has_wood",
      "has_planks"
    ]
  ],
  "sends_telemetry_event": false
}