{
  "parent": "minecraft:husbandry/root",
  "criteria": {
    "crop": {
      "conditions": {
        "location": [
          {
            "block": "minecraft:wheat",
            "condition": "minecraft:block_state_property"
          }
        ]
      },
      "trigger": "minecraft:placed_block"
    }
  },
  "display": {
    "description": "Start a Wheat farm",
    "icon": {
      "id": "minecraft:wheat"
    },
    "title": {
      "translate": "advancements.husbandry.plant_seed.title"
    }
  },
  "requirements": [
    [
      "crop"
    ]
  ],
  "sends_telemetry_event": false
}