{
  "type": "minecraft:jigsaw",
  "biomes": "#furbypack:has_structure/phantom_circle",
  "step": "surface_structures",
  "spawn_overrides": {
    "monster": {
      "bounding_box": "full",
      "spawns": []
    }
  },
  "terrain_adaptation": "none",
  "start_pool": "furbypack:phantom_circle/quad1",
  "size": 20,
  "start_height": {
    "type": "minecraft:uniform",
    "min_inclusive": {
      "absolute": 80
    },
    "max_inclusive": {
      "absolute": 120
    }
  },
  "start_jigsaw_name": "furbypack:phantom_circle/start",
  "max_distance_from_center": 128,
  "use_expansion_hack": false
}