{
  "criteria": {
    "in_overworld": {
      "trigger": "minecraft:location",
      "conditions": {
        "player": [
          {
            "condition": "minecraft:location_check",
            "predicate": {
              "dimension": "minecraft:overworld"
            }
          }
        ]
      }
    }
  },
  "display": {
    "announce_to_chat": false,
    "background": "minecraft:gui/advancements/backgrounds/stone",
    "description": {
      "translate": "advancements.story.root.description"
    },
    "icon": {
      "count": 1,
      "id": "minecraft:grass_block"
    },
    "show_toast": false,
    "title": {
      "translate": "advancements.story.root.title"
    }
  },
  "requirements": [
    [
      "in_overworld"
    ]
  ],
  "sends_telemetry_event": false
}