{
  "parent": "minecraft:story/enter_the_nether",
  "criteria": {
    "killed_enderecho": {
      "trigger": "minecraft:player_killed_entity",
      "conditions": {
        "entity": {
          "type": "minecraft:enderman",
          "nbt": "{Tags:[\"furbyEnderecho\"]}",
          "location": {
            "dimension": "minecraft:overworld"
          }
        }
      }
    }
  },
  "display": {
    "description": "Summon and kill an Enderecho in the Overworld to obtain a Stronghold Map",
    "icon": {
      "id": "minecraft:enderman_spawn_egg"
    },
    "title": "Echo of the Endtimes",
    "frame": "task"
  },
  "requirements": [
    [
      "killed_enderecho"
    ]
  ],
  "sends_telemetry_event": false
}