{
  "type": "minecraft:jigsaw",
  "biomes": [],
  "step": "raw_generation",
  "terrain_adaptation": "none",
  "spawn_overrides": {
    "monster": {
      "bounding_box": "full",
      "spawns": []
    },
    "ambient": {
      "bounding_box": "full",
      "spawns": []
    },
    "creature": {
      "bounding_box": "full",
      "spawns": []
    },
    "axolotls": {
      "bounding_box": "full",
      "spawns": []
    },
    "underground_water_creature": {
      "bounding_box": "full",
      "spawns": []
    },
    "water_creature": {
      "bounding_box": "full",
      "spawns": []
    },
    "water_ambient": {
      "bounding_box": "full",
      "spawns": []
    },
    "misc": {
      "bounding_box": "full",
      "spawns": []
    }
  },
  "start_pool": "furbycave:spawn",
  "size": 1,
  "start_height": {
    "type": "minecraft:uniform",
    "min_inclusive": {
      "above_bottom": 0
    },
    "max_inclusive": {
      "below_top": 0
    }
  },
  "start_jigsaw_name": "furbycave:start",
  "max_distance_from_center": 1,
  "use_expansion_hack": false,
  "dimension_padding": 7,
  "liquid_settings": "ignore_waterlogging"
}