{
  "criteria": {
    "above_world": {
      "trigger": "minecraft:location",
      "conditions": {
        "player": [
          {
            "condition": "minecraft:location_check",
            "predicate": {
              "position": {
                "y": 64
              },
              "dimension": "minecraft:overworld"
            }
          }
        ]
      }
    }
  },
  "requirements": [
    [
      "above_world"
    ]
  ],
  "rewards": {
    "function": "furbycave:spawn"
  },
  "sends_telemetry_event": false
}