{
  "type": "minecraft:entity",
  "pools": [
    {
      "rolls": 1,
      "entries": [
        {
          "type": "minecraft:item",
          "name": "minecraft:ender_pearl"
        }
      ]
    },
    {
      "rolls": 1,
      "entries": [
        {
          "type": "minecraft:item",
          "name": "minecraft:echo_shard",
          "functions": [
            {
              "function": "minecraft:set_count",
              "count": {
                "type": "minecraft:uniform",
                "min": 1,
                "max": 3
              }
            },
            {
              "function": "minecraft:enchanted_count_increase",
              "count": {
                "type": "minecraft:uniform",
                "min": 0,
                "max": 1
              },
              "enchantment": "minecraft:looting"
            }
          ]
        }
      ]
    },
    {
      "rolls": 1,
      "entries": [
        {
          "type": "minecraft:item",
          "name": "minecraft:map",
          "functions": [
            {
              "function": "minecraft:exploration_map",
              "destination": "furbycave:on_stronghold_maps",
              "decoration": "minecraft:target_x",
              "search_radius": 127,
              "skip_existing_chunks": false
            },
            {
              "function": "minecraft:set_name",
              "name": "Stronghold Explorer Map",
              "target": "item_name"
            }
          ],
          "conditions": [
            {
              "condition": "minecraft:killed_by_player"
            },
            {
              "condition": "minecraft:location_check",
              "predicate": {
                "dimension": "minecraft:overworld"
              }
            }
          ]
        }
      ]
    }
  ],
  "random_sequence": "furbycave:entities/enderecho"
}