{
  "feature": "minecraft:lake_lava",
  "placement": [
    {
      "type": "minecraft:rarity_filter",
      "chance": 16
    },
    {
      "type": "minecraft:in_square"
    },
    {
      "type": "minecraft:height_range",
      "height": {
        "type": "minecraft:uniform",
        "max_inclusive": {
          "below_top": 15
        },
        "min_inclusive": {
          "absolute": 8
        }
      }
    },
    {
      "type": "minecraft:environment_scan",
      "direction_of_search": "down",
      "max_steps": 32,
      "target_condition": {
        "type": "minecraft:all_of",
        "predicates": [
          {
            "type": "minecraft:not",
            "predicate": {
              "type": "minecraft:matching_blocks",
              "blocks": "minecraft:air"
            }
          }
        ]
      }
    },
    {
      "type": "minecraft:biome"
    }
  ]
}