{
  "type": "minecraft:entity",
  "pools": [
    {
      "rolls": 1,
      "entries": [
        {
          "type": "minecraft:item",
          "name": "minecraft:rabbit_hide",
          "functions": [
            {
              "function": "minecraft:set_components",
              "components": {
                "minecraft:item_name": "Bat Fur"
              }
            },
            {
              "function": "minecraft:set_count",
              "count": 1,
              "add": true,
              "conditions": [
                {
                  "condition": "minecraft:random_chance_with_enchanted_bonus",
                  "enchantment": "minecraft:looting",
                  "unenchanted_chance": 0,
                  "enchanted_chance": 1
                }
              ]
            }
          ]
        }
      ],
      "conditions": [
        {
          "condition": "minecraft:killed_by_player"
        }
      ]
    },
    {
      "rolls": 1,
      "entries": [
        {
          "type": "minecraft:item",
          "name": "minecraft:mutton",
          "functions": [
            {
              "function": "minecraft:set_components",
              "components": {
                "minecraft:item_name": "Raw Bat",
                "minecraft:food": {
                  "nutrition": 2,
                  "saturation": 1.2,
                  "can_always_eat": false
                },
                "minecraft:consumable": {
                  "on_consume_effects": [
                    {
                      "type": "minecraft:apply_effects",
                      "effects": [
                        {
                          "id": "minecraft:hunger",
                          "amplifier": 0,
                          "duration": 600
                        }
                      ],
                      "probability": 0.5
                    }
                  ]
                }
              }
            },
            {
              "function": "minecraft:furnace_smelt",
              "conditions": [
                {
                  "condition": "minecraft:any_of",
                  "terms": [
                    {
                      "condition": "minecraft:entity_properties",
                      "entity": "this",
                      "predicate": {
                        "flags": {
                          "is_on_fire": true
                        }
                      }
                    },
                    {
                      "condition": "minecraft:entity_properties",
                      "entity": "direct_attacker",
                      "predicate": {
                        "equipment": {
                          "mainhand": {
                            "predicates": {
                              "minecraft:enchantments": [
                                {
                                  "enchantments": "#minecraft:smelts_loot"
                                }
                              ]
                            }
                          }
                        }
                      }
                    }
                  ]
                }
              ]
            }
          ]
        }
      ],
      "conditions": [
        {
          "condition": "minecraft:killed_by_player"
        }
      ]
    }
  ],
  "random_sequence": "minecraft:entities/bat"
}