{
  "type": "minecraft:entity",
  "pools": [
    {
      "rolls": 1,
      "entries": [
        {
          "type": "minecraft:item",
          "name": "minecraft:piglin_head"
        }
      ],
      "conditions": [
        {
          "condition": "minecraft:killed_by_player"
        },
        {
          "condition": "minecraft:random_chance_with_enchanted_bonus",
          "unenchanted_chance": 0,
          "enchanted_chance": {
            "type": "minecraft:linear",
            "base": 0.015,
            "per_level_above_first": 0.015
          },
          "enchantment": "minecraft:looting"
        }
      ]
    }
  ],
  "random_sequence": "minecraft:entities/piglin"
}