{
  "display": {
    "icon": {
      "id": "minecraft:end_stone"
    },
    "title": {
      "text": "Ender Monsters"
    },
    "description": {
      "text": ""
    },
    "frame": "goal",
    "show_toast": false,
    "announce_to_chat": false,
    "hidden": false
  },
  "parent": "furbytracker:monsters_hunted/root",
  "criteria": {
    "enderman": {
      "conditions": {
        "entity": [
          {
            "condition": "minecraft:entity_properties",
            "entity": "this",
            "predicate": {
              "type": "minecraft:enderman"
            }
          }
        ]
      },
      "trigger": "minecraft:player_killed_entity"
    },
    "endermite": {
      "conditions": {
        "entity": [
          {
            "condition": "minecraft:entity_properties",
            "entity": "this",
            "predicate": {
              "type": "minecraft:endermite"
            }
          }
        ]
      },
      "trigger": "minecraft:player_killed_entity"
    },
    "shulker": {
      "conditions": {
        "entity": [
          {
            "condition": "minecraft:entity_properties",
            "entity": "this",
            "predicate": {
              "type": "minecraft:shulker"
            }
          }
        ]
      },
      "trigger": "minecraft:player_killed_entity"
    },
    "phantom": {
      "conditions": {
        "entity": [
          {
            "condition": "minecraft:entity_properties",
            "entity": "this",
            "predicate": {
              "type": "minecraft:phantom"
            }
          }
        ]
      },
      "trigger": "minecraft:player_killed_entity"
    },
    "ender_dragon": {
      "conditions": {
        "entity": [
          {
            "condition": "minecraft:entity_properties",
            "entity": "this",
            "predicate": {
              "type": "minecraft:ender_dragon"
            }
          }
        ]
      },
      "trigger": "minecraft:player_killed_entity"
    }
  },
  "requirements": [
    [
      "enderman"
    ],
    [
      "endermite"
    ],
    [
      "shulker"
    ],
    [
      "phantom"
    ],
    [
      "ender_dragon"
    ]
  ],
  "sends_telemetry_event": false
}