{
  "display": {
    "icon": {
      "id": "minecraft:netherrack"
    },
    "title": {
      "text": "Nether Monsters"
    },
    "description": {
      "text": ""
    },
    "frame": "goal",
    "show_toast": false,
    "announce_to_chat": false,
    "hidden": false
  },
  "parent": "furbytracker:monsters_hunted/root",
  "criteria": {
    "piglin": {
      "conditions": {
        "entity": [
          {
            "condition": "minecraft:entity_properties",
            "entity": "this",
            "predicate": {
              "type": "minecraft:piglin"
            }
          }
        ]
      },
      "trigger": "minecraft:player_killed_entity"
    },
    "piglin_brute": {
      "conditions": {
        "entity": [
          {
            "condition": "minecraft:entity_properties",
            "entity": "this",
            "predicate": {
              "type": "minecraft:piglin_brute"
            }
          }
        ]
      },
      "trigger": "minecraft:player_killed_entity"
    },
    "zombified_piglin": {
      "conditions": {
        "entity": [
          {
            "condition": "minecraft:entity_properties",
            "entity": "this",
            "predicate": {
              "type": "minecraft:zombified_piglin"
            }
          }
        ]
      },
      "trigger": "minecraft:player_killed_entity"
    },
    "hoglin": {
      "conditions": {
        "entity": [
          {
            "condition": "minecraft:entity_properties",
            "entity": "this",
            "predicate": {
              "type": "minecraft:hoglin"
            }
          }
        ]
      },
      "trigger": "minecraft:player_killed_entity"
    },
    "zoglin": {
      "conditions": {
        "entity": [
          {
            "condition": "minecraft:entity_properties",
            "entity": "this",
            "predicate": {
              "type": "minecraft:zoglin"
            }
          }
        ]
      },
      "trigger": "minecraft:player_killed_entity"
    },
    "magma_cube": {
      "conditions": {
        "entity": [
          {
            "condition": "minecraft:entity_properties",
            "entity": "this",
            "predicate": {
              "type": "minecraft:magma_cube"
            }
          }
        ]
      },
      "trigger": "minecraft:player_killed_entity"
    },
    "ghast": {
      "conditions": {
        "entity": [
          {
            "condition": "minecraft:entity_properties",
            "entity": "this",
            "predicate": {
              "type": "minecraft:ghast"
            }
          }
        ]
      },
      "trigger": "minecraft:player_killed_entity"
    },
    "blaze": {
      "conditions": {
        "entity": [
          {
            "condition": "minecraft:entity_properties",
            "entity": "this",
            "predicate": {
              "type": "minecraft:blaze"
            }
          }
        ]
      },
      "trigger": "minecraft:player_killed_entity"
    },
    "wither_skeleton": {
      "conditions": {
        "entity": [
          {
            "condition": "minecraft:entity_properties",
            "entity": "this",
            "predicate": {
              "type": "minecraft:wither_skeleton"
            }
          }
        ]
      },
      "trigger": "minecraft:player_killed_entity"
    },
    "wither": {
      "conditions": {
        "entity": [
          {
            "condition": "minecraft:entity_properties",
            "entity": "this",
            "predicate": {
              "type": "minecraft:wither"
            }
          }
        ]
      },
      "trigger": "minecraft:player_killed_entity"
    }
  },
  "requirements": [
    [
      "piglin"
    ],
    [
      "piglin_brute"
    ],
    [
      "zombified_piglin"
    ],
    [
      "hoglin"
    ],
    [
      "zoglin"
    ],
    [
      "magma_cube"
    ],
    [
      "ghast"
    ],
    [
      "blaze"
    ],
    [
      "wither_skeleton"
    ],
    [
      "wither"
    ]
  ],
  "sends_telemetry_event": false
}