{
  "parent": "minecraft:recipes/root",
  "criteria": {
    "has_iron_item": {
      "conditions": {
        "items": [
          {
            "items": "#furbyessential:smeltable_iron_tool"
          }
        ]
      },
      "trigger": "minecraft:inventory_changed"
    },
    "has_the_recipe": {
      "conditions": {
        "recipe": "minecraft:iron_nugget_from_smelting"
      },
      "trigger": "minecraft:recipe_unlocked"
    }
  },
  "requirements": [
    [
      "has_the_recipe",
      "has_iron_item"
    ]
  ],
  "rewards": {
    "recipes": [
      "minecraft:iron_nugget_from_smelting"
    ]
  },
  "sends_telemetry_event": false
}