{
  "display": {
    "icon": {
      "id": "minecraft:basalt",
      "components": {
        "minecraft:block_state": {
          "axis": "y"
        }
      }
    },
    "title": {
      "text": "Basalt Deltas"
    },
    "description": {
      "text": ""
    },
    "frame": "task",
    "show_toast": false,
    "announce_to_chat": false,
    "hidden": false
  },
  "parent": "furbytracker:other_progress_trackers/soul_sand_valley",
  "criteria": {
    "in_biome": {
      "trigger": "minecraft:location",
      "conditions": {
        "player": [
          {
            "condition": "minecraft:location_check",
            "predicate": {
              "biomes": "minecraft:basalt_deltas"
            }
          }
        ]
      }
    }
  },
  "requirements": [
    [
      "in_biome"
    ]
  ],
  "sends_telemetry_event": false
}