{
  "display": {
    "icon": {
      "id": "minecraft:diamond_pickaxe"
    },
    "title": {
      "text": "Progress: Caving Time"
    },
    "description": {
      "text": "You must visit all of these biomes to complete \"Caving Time\""
    },
    "frame": "goal",
    "show_toast": false,
    "announce_to_chat": false,
    "hidden": false
  },
  "parent": "furbytracker:other_progress_trackers/root",
  "criteria": {
    "dripstone_caves": {
      "trigger": "minecraft:location",
      "conditions": {
        "player": [
          {
            "condition": "minecraft:location_check",
            "predicate": {
              "biomes": "furbycave:dripstone_caves"
            }
          }
        ]
      }
    },
    "lush_caves": {
      "trigger": "minecraft:location",
      "conditions": {
        "player": [
          {
            "condition": "minecraft:location_check",
            "predicate": {
              "biomes": "furbycave:lush_caves"
            }
          }
        ]
      }
    },
    "deep_dark": {
      "trigger": "minecraft:location",
      "conditions": {
        "player": [
          {
            "condition": "minecraft:location_check",
            "predicate": {
              "biomes": "furbycave:deep_dark"
            }
          }
        ]
      }
    }
  },
  "requirements": [
    [
      "dripstone_caves"
    ],
    [
      "lush_caves"
    ],
    [
      "deep_dark"
    ]
  ],
  "sends_telemetry_event": false
}