{
  "display": {
    "icon": {
      "id": "minecraft:netherite_boots"
    },
    "title": {
      "text": "Progress: Hot Tourist Destinations"
    },
    "description": {
      "text": "You must visit all of these biomes to complete \"Hot Tourist Destinations\""
    },
    "frame": "goal",
    "show_toast": false,
    "announce_to_chat": false,
    "hidden": false
  },
  "parent": "furbytracker:other_progress_trackers/root",
  "criteria": {
    "minecraft:basalt_deltas": {
      "conditions": {
        "player": [
          {
            "condition": "minecraft:entity_properties",
            "entity": "this",
            "predicate": {
              "location": {
                "biomes": "minecraft:basalt_deltas"
              }
            }
          }
        ]
      },
      "trigger": "minecraft:location"
    },
    "minecraft:crimson_forest": {
      "conditions": {
        "player": [
          {
            "condition": "minecraft:entity_properties",
            "entity": "this",
            "predicate": {
              "location": {
                "biomes": "minecraft:crimson_forest"
              }
            }
          }
        ]
      },
      "trigger": "minecraft:location"
    },
    "minecraft:nether_wastes": {
      "conditions": {
        "player": [
          {
            "condition": "minecraft:entity_properties",
            "entity": "this",
            "predicate": {
              "location": {
                "biomes": "minecraft:nether_wastes"
              }
            }
          }
        ]
      },
      "trigger": "minecraft:location"
    },
    "minecraft:soul_sand_valley": {
      "conditions": {
        "player": [
          {
            "condition": "minecraft:entity_properties",
            "entity": "this",
            "predicate": {
              "location": {
                "biomes": "minecraft:soul_sand_valley"
              }
            }
          }
        ]
      },
      "trigger": "minecraft:location"
    },
    "minecraft:warped_forest": {
      "conditions": {
        "player": [
          {
            "condition": "minecraft:entity_properties",
            "entity": "this",
            "predicate": {
              "location": {
                "biomes": "minecraft:warped_forest"
              }
            }
          }
        ]
      },
      "trigger": "minecraft:location"
    }
  },
  "requirements": [
    [
      "minecraft:nether_wastes"
    ],
    [
      "minecraft:soul_sand_valley"
    ],
    [
      "minecraft:crimson_forest"
    ],
    [
      "minecraft:warped_forest"
    ],
    [
      "minecraft:basalt_deltas"
    ]
  ],
  "sends_telemetry_event": false
}