{
  "display": {
    "icon": {
      "id": "minecraft:smithing_table"
    },
    "title": {
      "text": "Progress: Smithing with Style"
    },
    "description": {
      "text": "You must apply all of these smithing templates to complete \"Smithing with Style\""
    },
    "frame": "goal",
    "show_toast": false,
    "announce_to_chat": false,
    "hidden": false
  },
  "parent": "furbytracker:other_progress_trackers/root",
  "criteria": {
    "armor_trimmed_minecraft:bolt_armor_trim_smithing_template_smithing_trim": {
      "conditions": {
        "recipe_id": "minecraft:bolt_armor_trim_smithing_template_smithing_trim"
      },
      "trigger": "minecraft:recipe_crafted"
    },
    "armor_trimmed_minecraft:eye_armor_trim_smithing_template_smithing_trim": {
      "conditions": {
        "recipe_id": "minecraft:eye_armor_trim_smithing_template_smithing_trim"
      },
      "trigger": "minecraft:recipe_crafted"
    },
    "armor_trimmed_minecraft:flow_armor_trim_smithing_template_smithing_trim": {
      "conditions": {
        "recipe_id": "minecraft:flow_armor_trim_smithing_template_smithing_trim"
      },
      "trigger": "minecraft:recipe_crafted"
    },
    "armor_trimmed_minecraft:rib_armor_trim_smithing_template_smithing_trim": {
      "conditions": {
        "recipe_id": "minecraft:rib_armor_trim_smithing_template_smithing_trim"
      },
      "trigger": "minecraft:recipe_crafted"
    },
    "armor_trimmed_minecraft:silence_armor_trim_smithing_template_smithing_trim": {
      "conditions": {
        "recipe_id": "minecraft:silence_armor_trim_smithing_template_smithing_trim"
      },
      "trigger": "minecraft:recipe_crafted"
    },
    "armor_trimmed_minecraft:snout_armor_trim_smithing_template_smithing_trim": {
      "conditions": {
        "recipe_id": "minecraft:snout_armor_trim_smithing_template_smithing_trim"
      },
      "trigger": "minecraft:recipe_crafted"
    },
    "armor_trimmed_minecraft:spire_armor_trim_smithing_template_smithing_trim": {
      "conditions": {
        "recipe_id": "minecraft:spire_armor_trim_smithing_template_smithing_trim"
      },
      "trigger": "minecraft:recipe_crafted"
    },
    "armor_trimmed_minecraft:ward_armor_trim_smithing_template_smithing_trim": {
      "conditions": {
        "recipe_id": "minecraft:ward_armor_trim_smithing_template_smithing_trim"
      },
      "trigger": "minecraft:recipe_crafted"
    }
  },
  "requirements": [
    [
      "armor_trimmed_minecraft:bolt_armor_trim_smithing_template_smithing_trim"
    ],
    [
      "armor_trimmed_minecraft:eye_armor_trim_smithing_template_smithing_trim"
    ],
    [
      "armor_trimmed_minecraft:flow_armor_trim_smithing_template_smithing_trim"
    ],
    [
      "armor_trimmed_minecraft:rib_armor_trim_smithing_template_smithing_trim"
    ],
    [
      "armor_trimmed_minecraft:silence_armor_trim_smithing_template_smithing_trim"
    ],
    [
      "armor_trimmed_minecraft:snout_armor_trim_smithing_template_smithing_trim"
    ],
    [
      "armor_trimmed_minecraft:spire_armor_trim_smithing_template_smithing_trim"
    ],
    [
      "armor_trimmed_minecraft:ward_armor_trim_smithing_template_smithing_trim"
    ]
  ],
  "sends_telemetry_event": false
}