{
  "parent": "furbytracker:other_progress_trackers/root",
  "criteria": {
    "minecraft:axolotl": {
      "conditions": {
        "child": [
          {
            "condition": "minecraft:entity_properties",
            "entity": "this",
            "predicate": {
              "type": "minecraft:axolotl"
            }
          }
        ]
      },
      "trigger": "minecraft:bred_animals"
    },
    "minecraft:chicken": {
      "conditions": {
        "child": [
          {
            "condition": "minecraft:entity_properties",
            "entity": "this",
            "predicate": {
              "type": "minecraft:chicken"
            }
          }
        ]
      },
      "trigger": "minecraft:bred_animals"
    },
    "minecraft:hoglin": {
      "conditions": {
        "child": [
          {
            "condition": "minecraft:entity_properties",
            "entity": "this",
            "predicate": {
              "type": "minecraft:hoglin"
            }
          }
        ]
      },
      "trigger": "minecraft:bred_animals"
    },
    "minecraft:strider": {
      "conditions": {
        "child": [
          {
            "condition": "minecraft:entity_properties",
            "entity": "this",
            "predicate": {
              "type": "minecraft:strider"
            }
          }
        ]
      },
      "trigger": "minecraft:bred_animals"
    }
  },
  "display": {
    "description": "You must breed all of these animals to complete \"Two by Two\"",
    "frame": "goal",
    "icon": {
      "id": "minecraft:egg"
    },
    "title": "Progress: Two by Two",
    "show_toast": false,
    "announce_to_chat": false,
    "hidden": false
  },
  "requirements": [
    [
      "minecraft:chicken"
    ],
    [
      "minecraft:hoglin"
    ],
    [
      "minecraft:strider"
    ],
    [
      "minecraft:axolotl"
    ]
  ],
  "sends_telemetry_event": false
}