{
  "parent": "minecraft:recipes/root",
  "criteria": {
    "has_string": {
      "conditions": {
        "items": [
          {
            "items": "minecraft:string"
          }
        ]
      },
      "trigger": "minecraft:inventory_changed"
    },
    "has_rabbit_hide": {
      "conditions": {
        "items": [
          {
            "items": "minecraft:rabbit_hide"
          }
        ]
      },
      "trigger": "minecraft:inventory_changed"
    },
    "has_the_recipe": {
      "conditions": {
        "recipe": "minecraft:bundle"
      },
      "trigger": "minecraft:recipe_unlocked"
    }
  },
  "requirements": [
    [
      "has_the_recipe",
      "has_string",
      "has_rabbit_hide"
    ]
  ],
  "rewards": {
    "recipes": [
      "minecraft:bundle"
    ]
  }
}