{
  "parent": "minecraft:recipes/root",
  "criteria": {
    "has_the_recipe": {
      "trigger": "minecraft:recipe_unlocked",
      "conditions": {
        "recipe": "minecraft:cauldron"
      }
    },
    "has_water_bucket": {
      "trigger": "minecraft:inventory_changed",
      "conditions": {
        "items": [
          {
            "items": "minecraft:water_bucket"
          }
        ]
      }
    },
    "has_iron": {
      "trigger": "minecraft:inventory_changed",
      "conditions": {
        "items": [
          {
            "items": "minecraft:iron_ingot"
          }
        ]
      }
    }
  },
  "requirements": [
    [
      "has_the_recipe",
      "has_water_bucket",
      "has_iron"
    ]
  ],
  "rewards": {
    "recipes": [
      "minecraft:cauldron"
    ]
  },
  "sends_telemetry_event": false
}