{
  "parent": "minecraft:husbandry/plant_seed",
  "criteria": {
    "crop": {
      "conditions": {
        "location": [
          {
            "block": "minecraft:beetroots",
            "condition": "minecraft:block_state_property"
          }
        ]
      },
      "trigger": "minecraft:placed_block"
    }
  },
  "display": {
    "description": "Start a Beetroot farm",
    "icon": {
      "id": "minecraft:beetroot"
    },
    "title": "Roots and Stone"
  },
  "requirements": [
    [
      "crop"
    ]
  ],
  "sends_telemetry_event": false
}