{
  "display": {
    "icon": {
      "id": "minecraft:quartz_bricks"
    },
    "title": {
      "text": "Exiling the Exiled"
    },
    "description": {
      "text": "Invade a Sky Temple"
    },
    "frame": "goal"
  },
  "parent": "minecraft:end/enter_end_gateway",
  "criteria": {
    "in_temple": {
      "trigger": "minecraft:location",
      "conditions": {
        "player": [
          {
            "condition": "minecraft:entity_properties",
            "entity": "this",
            "predicate": {
              "location": {
                "structures": "furbypack:phantom_circle"
              }
            }
          }
        ]
      }
    }
  },
  "requirements": [
    [
      "in_temple"
    ]
  ],
  "rewards": {
    "experience": 50
  },
  "sends_telemetry_event": false
}