{
  "type": "minecraft:crafting_shaped",
  "category": "misc",
  "pattern": [
    "sss",
    "ses",
    "sss"
  ],
  "key": {
    "e": "minecraft:ender_eye",
    "s": "minecraft:echo_shard"
  },
  "result": {
    "id": "minecraft:armor_stand",
    "components": {
      "minecraft:item_name": "'Enderecho Summoning Sphere'",
      "minecraft:rarity": "uncommon",
      "minecraft:item_model": "minecraft:enderman_spawn_egg",
      "minecraft:entity_data": "{id:\"minecraft:armor_stand\",Silent:1b,Marker:1b,Invisible:1b,Tags:[\"furbySummonEnderecho\"]}"
    }
  }
}