{
  "parent": "minecraft:nether/summon_wither",
  "criteria": {
    "kill": {
      "trigger": "minecraft:player_killed_entity",
      "conditions": {
        "entity": {
          "type": "minecraft:wither",
          "location": {
            "position": {
              "y": {
                "min": 5,
                "max": 120
              }
            },
            "dimension": "minecraft:the_nether"
          }
        }
      }
    }
  },
  "display": {
    "description": "Get the finishing blow on the Wither in the Nether (and not in the floor or ceiling)",
    "icon": {
      "id": "minecraft:nether_star"
    },
    "title": "Withering Depths",
    "frame": "challenge"
  },
  "requirements": [
    [
      "kill"
    ]
  ],
  "rewards": {
    "experience": 4000
  },
  "sends_telemetry_event": false
}