{
  "parent": "minecraft:nether/get_wither_skull",
  "criteria": {
    "summoned": {
      "conditions": {
        "entity": [
          {
            "condition": "minecraft:entity_properties",
            "entity": "this",
            "predicate": {
              "type": "minecraft:wither",
              "location": {
                "position": {
                  "y": {
                    "min": 5,
                    "max": 120
                  }
                },
                "biomes": "minecraft:soul_sand_valley"
              }
            }
          }
        ]
      },
      "trigger": "minecraft:summoned_entity"
    }
  },
  "display": {
    "description": "Summon the Wither in a Soul Sand Valley (and not in the floor or ceiling)",
    "frame": "goal",
    "icon": {
      "id": "minecraft:soul_campfire"
    },
    "title": "Home Turf"
  },
  "requirements": [
    [
      "summoned"
    ]
  ],
  "rewards": {
    "experience": 50
  },
  "sends_telemetry_event": false
}