{
  "type": "minecraft:chest",
  "pools": [
    {
      "rolls": 1,
      "entries": [
        {
          "type": "minecraft:item",
          "name": "minecraft:music_disc_otherside",
          "weight": 2
        },
        {
          "type": "minecraft:tag",
          "name": "minecraft:creeper_drop_music_discs",
          "expand": true
        },
        {
          "type": "minecraft:item",
          "name": "minecraft:map",
          "weight": 7,
          "functions": [
            {
              "function": "minecraft:exploration_map",
              "destination": "minecraft:on_trial_chambers_maps",
              "decoration": "minecraft:trial_chambers",
              "zoom": 2,
              "skip_existing_chunks": false
            },
            {
              "function": "minecraft:set_name",
              "target": "item_name",
              "name": {
                "translate": "filled_map.trial_chambers"
              }
            }
          ]
        },
        {
          "type": "minecraft:empty",
          "weight": 7
        }
      ]
    },
    {
      "rolls": {
        "type": "minecraft:uniform",
        "min": 1,
        "max": 3
      },
      "bonus_rolls": 0,
      "entries": [
        {
          "type": "minecraft:item",
          "name": "minecraft:golden_apple",
          "weight": 15
        },
        {
          "type": "minecraft:item",
          "name": "minecraft:enchanted_golden_apple",
          "weight": 2
        },
        {
          "type": "minecraft:item",
          "name": "minecraft:name_tag",
          "weight": 20
        },
        {
          "type": "minecraft:item",
          "name": "minecraft:gold_ingot",
          "weight": 10
        },
        {
          "type": "minecraft:item",
          "name": "minecraft:iron_ingot",
          "weight": 15
        },
        {
          "type": "minecraft:item",
          "name": "minecraft:diamond",
          "weight": 5
        },
        {
          "type": "minecraft:item",
          "name": "minecraft:book",
          "weight": 30,
          "functions": [
            {
              "function": "minecraft:enchant_randomly",
              "options": "#minecraft:on_random_loot"
            }
          ]
        }
      ]
    },
    {
      "rolls": {
        "type": "minecraft:uniform",
        "min": 1,
        "max": 4
      },
      "bonus_rolls": 0,
      "entries": [
        {
          "type": "minecraft:item",
          "name": "minecraft:iron_ingot",
          "weight": 10,
          "functions": [
            {
              "function": "minecraft:set_count",
              "count": {
                "type": "minecraft:uniform",
                "min": 1,
                "max": 4
              },
              "add": false
            }
          ]
        },
        {
          "type": "minecraft:item",
          "name": "minecraft:gold_ingot",
          "weight": 5,
          "functions": [
            {
              "function": "minecraft:set_count",
              "count": {
                "type": "minecraft:uniform",
                "min": 1,
                "max": 4
              },
              "add": false
            }
          ]
        },
        {
          "type": "minecraft:item",
          "name": "minecraft:bread",
          "weight": 20
        },
        {
          "type": "minecraft:item",
          "name": "minecraft:wheat",
          "weight": 20,
          "functions": [
            {
              "function": "minecraft:set_count",
              "count": {
                "type": "minecraft:uniform",
                "min": 1,
                "max": 4
              },
              "add": false
            }
          ]
        },
        {
          "type": "minecraft:item",
          "name": "minecraft:bucket",
          "weight": 10
        },
        {
          "type": "minecraft:item",
          "name": "minecraft:redstone",
          "weight": 15,
          "functions": [
            {
              "function": "minecraft:set_count",
              "count": {
                "type": "minecraft:uniform",
                "min": 1,
                "max": 4
              },
              "add": false
            }
          ]
        },
        {
          "type": "minecraft:item",
          "name": "minecraft:coal",
          "weight": 15,
          "functions": [
            {
              "function": "minecraft:set_count",
              "count": {
                "type": "minecraft:uniform",
                "min": 1,
                "max": 4
              },
              "add": false
            }
          ]
        },
        {
          "type": "minecraft:item",
          "name": "minecraft:melon_seeds",
          "weight": 10,
          "functions": [
            {
              "function": "minecraft:set_count",
              "count": {
                "type": "minecraft:uniform",
                "min": 2,
                "max": 4
              },
              "add": false
            }
          ]
        },
        {
          "type": "minecraft:item",
          "name": "minecraft:pumpkin_seeds",
          "weight": 10,
          "functions": [
            {
              "function": "minecraft:set_count",
              "count": {
                "type": "minecraft:uniform",
                "min": 2,
                "max": 4
              },
              "add": false
            }
          ]
        },
        {
          "type": "minecraft:item",
          "name": "minecraft:beetroot_seeds",
          "weight": 10,
          "functions": [
            {
              "function": "minecraft:set_count",
              "count": {
                "type": "minecraft:uniform",
                "min": 2,
                "max": 4
              },
              "add": false
            }
          ]
        }
      ]
    },
    {
      "rolls": 3,
      "bonus_rolls": 0,
      "entries": [
        {
          "type": "minecraft:item",
          "name": "minecraft:bone",
          "weight": 10,
          "functions": [
            {
              "function": "minecraft:set_count",
              "count": {
                "type": "minecraft:uniform",
                "min": 1,
                "max": 8
              },
              "add": false
            }
          ]
        },
        {
          "type": "minecraft:item",
          "name": "minecraft:gunpowder",
          "weight": 10,
          "functions": [
            {
              "function": "minecraft:set_count",
              "count": {
                "type": "minecraft:uniform",
                "min": 1,
                "max": 8
              },
              "add": false
            }
          ]
        },
        {
          "type": "minecraft:item",
          "name": "minecraft:rotten_flesh",
          "weight": 10,
          "functions": [
            {
              "function": "minecraft:set_count",
              "count": {
                "type": "minecraft:uniform",
                "min": 1,
                "max": 8
              },
              "add": false
            }
          ]
        },
        {
          "type": "minecraft:item",
          "name": "minecraft:string",
          "weight": 10,
          "functions": [
            {
              "function": "minecraft:set_count",
              "count": {
                "type": "minecraft:uniform",
                "min": 1,
                "max": 8
              },
              "add": false
            }
          ]
        }
      ]
    },
    {
      "rolls": 1,
      "entries": [
        {
          "type": "minecraft:alternatives",
          "weight": 2,
          "children": [
            {
              "type": "minecraft:item",
              "name": "minecraft:rabbit_hide",
              "functions": [
                {
                  "function": "minecraft:set_components",
                  "components": {
                    "minecraft:item_name": "'Bat Fur'"
                  }
                }
              ],
              "conditions": [
                {
                  "condition": "minecraft:random_chance",
                  "chance": 0.5
                }
              ]
            },
            {
              "type": "minecraft:item",
              "name": "minecraft:mutton",
              "functions": [
                {
                  "function": "minecraft:set_components",
                  "components": {
                    "minecraft:item_name": "'Raw Bat'",
                    "minecraft:food": {
                      "nutrition": 2,
                      "saturation": 1.2,
                      "can_always_eat": false
                    },
                    "minecraft:consumable": {
                      "on_consume_effects": [
                        {
                          "type": "minecraft:apply_effects",
                          "effects": [
                            {
                              "id": "minecraft:hunger",
                              "amplifier": 0,
                              "duration": 600
                            }
                          ],
                          "probability": 0.5
                        }
                      ]
                    }
                  }
                }
              ]
            }
          ]
        },
        {
          "type": "minecraft:item",
          "name": "minecraft:sugar_cane",
          "functions": [
            {
              "function": "minecraft:set_count",
              "count": {
                "type": "minecraft:uniform",
                "min": 2,
                "max": 4
              }
            }
          ]
        },
        {
          "type": "minecraft:empty"
        }
      ]
    }
  ],
  "random_sequence": "minecraft:chests/simple_dungeon"
}