{
  "display": {
    "icon": {
      "id": "minecraft:mossy_cobblestone"
    },
    "title": {
      "text": "Dungeon Loot"
    },
    "description": {
      "text": ""
    },
    "frame": "goal",
    "show_toast": false,
    "announce_to_chat": false,
    "hidden": false
  },
  "parent": "furbytracker:balanced_diet/root",
  "criteria": {
    "beetroot": {
      "conditions": {
        "item": {
          "items": "minecraft:beetroot"
        }
      },
      "trigger": "minecraft:consume_item"
    },
    "beetroot_soup": {
      "conditions": {
        "item": {
          "items": "minecraft:beetroot_soup"
        }
      },
      "trigger": "minecraft:consume_item"
    },
    "melon_slice": {
      "conditions": {
        "item": {
          "items": "minecraft:melon_slice"
        }
      },
      "trigger": "minecraft:consume_item"
    },
    "golden_apple": {
      "conditions": {
        "item": {
          "items": "minecraft:golden_apple"
        }
      },
      "trigger": "minecraft:consume_item"
    },
    "enchanted_golden_apple": {
      "conditions": {
        "item": {
          "items": "minecraft:enchanted_golden_apple"
        }
      },
      "trigger": "minecraft:consume_item"
    }
  },
  "requirements": [
    [
      "beetroot"
    ],
    [
      "beetroot_soup"
    ],
    [
      "melon_slice"
    ],
    [
      "golden_apple"
    ],
    [
      "enchanted_golden_apple"
    ]
  ],
  "sends_telemetry_event": false
}