{
  "display": {
    "icon": {
      "id": "minecraft:fishing_rod"
    },
    "title": {
      "text": "Fishing"
    },
    "description": {
      "text": ""
    },
    "frame": "goal",
    "show_toast": false,
    "announce_to_chat": false,
    "hidden": false
  },
  "parent": "furbytracker:balanced_diet/root",
  "criteria": {
    "cod": {
      "conditions": {
        "item": {
          "items": "minecraft:cod"
        }
      },
      "trigger": "minecraft:consume_item"
    },
    "cooked_cod": {
      "conditions": {
        "item": {
          "items": "minecraft:cooked_cod"
        }
      },
      "trigger": "minecraft:consume_item"
    },
    "salmon": {
      "conditions": {
        "item": {
          "items": "minecraft:salmon"
        }
      },
      "trigger": "minecraft:consume_item"
    },
    "cooked_salmon": {
      "conditions": {
        "item": {
          "items": "minecraft:cooked_salmon"
        }
      },
      "trigger": "minecraft:consume_item"
    },
    "pufferfish": {
      "conditions": {
        "item": {
          "items": "minecraft:pufferfish"
        }
      },
      "trigger": "minecraft:consume_item"
    }
  },
  "requirements": [
    [
      "cod"
    ],
    [
      "cooked_cod"
    ],
    [
      "salmon"
    ],
    [
      "cooked_salmon"
    ],
    [
      "pufferfish"
    ]
  ],
  "sends_telemetry_event": false
}