{
  "display": {
    "icon": {
      "id": "minecraft:knowledge_book"
    },
    "title": {
      "text": "Progress: A Balanced Diet"
    },
    "description": {
      "text": "You must eat all of these foods to complete \"A Balanced Diet\""
    },
    "background": "minecraft:block/sculk_sensor_bottom",
    "frame": "task",
    "show_toast": false,
    "announce_to_chat": false,
    "hidden": false
  },
  "criteria": {
    "consumed_item": {
      "trigger": "minecraft:consume_item",
      "conditions": {
        "item": {
          "items": "#furbytracker:food"
        }
      }
    },
    "cake": {
      "trigger": "minecraft:default_block_use",
      "conditions": {
        "location": [
          {
            "condition": "minecraft:any_of",
            "terms": [
              {
                "condition": "minecraft:location_check",
                "predicate": {
                  "block": {
                    "blocks": "minecraft:cake"
                  }
                }
              },
              {
                "condition": "minecraft:location_check",
                "predicate": {
                  "block": {
                    "blocks": "#minecraft:candle_cakes"
                  }
                }
              }
            ]
          }
        ]
      }
    }
  },
  "requirements": [
    [
      "consumed_item",
      "cake"
    ]
  ],
  "sends_telemetry_event": false
}