{
  "display": {
    "icon": {
      "id": "minecraft:emerald"
    },
    "title": {
      "text": "Villager Trading"
    },
    "description": {
      "text": ""
    },
    "frame": "goal",
    "show_toast": false,
    "announce_to_chat": false,
    "hidden": false
  },
  "parent": "furbytracker:balanced_diet/root",
  "criteria": {
    "apple": {
      "conditions": {
        "item": {
          "items": "minecraft:apple"
        }
      },
      "trigger": "minecraft:consume_item"
    },
    "pumpkin_pie": {
      "conditions": {
        "item": {
          "items": "minecraft:pumpkin_pie"
        }
      },
      "trigger": "minecraft:consume_item"
    },
    "cookie": {
      "conditions": {
        "item": {
          "items": "minecraft:cookie"
        }
      },
      "trigger": "minecraft:consume_item"
    },
    "suspicious_stew": {
      "conditions": {
        "item": {
          "items": "minecraft:suspicious_stew"
        }
      },
      "trigger": "minecraft:consume_item"
    },
    "rabbit_stew": {
      "conditions": {
        "item": {
          "items": "minecraft:rabbit_stew"
        }
      },
      "trigger": "minecraft:consume_item"
    }
  },
  "requirements": [
    [
      "apple"
    ],
    [
      "pumpkin_pie"
    ],
    [
      "cookie"
    ],
    [
      "suspicious_stew"
    ],
    [
      "rabbit_stew"
    ]
  ],
  "sends_telemetry_event": false
}