{
  "parent": "minecraft:recipes/root",
  "criteria": {
    "has_rail": {
      "conditions": {
        "items": [
          {
            "items": "minecraft:rail"
          }
        ]
      },
      "trigger": "minecraft:inventory_changed"
    },
    "has_the_recipe": {
      "conditions": {
        "recipe": "minecraft:activator_rail"
      },
      "trigger": "minecraft:recipe_unlocked"
    },
    "has_the_other_recipe": {
      "conditions": {
        "recipe": "furbyessential:activator_rail_from_copper"
      },
      "trigger": "minecraft:recipe_unlocked"
    }
  },
  "requirements": [
    [
      "has_the_recipe",
      "has_the_other_recipe",
      "has_rail"
    ]
  ],
  "rewards": {
    "recipes": [
      "minecraft:activator_rail",
      "furbyessential:activator_rail_from_copper"
    ]
  }
}