{
  "parent": "minecraft:recipes/root",
  "criteria": {
    "has_minecart": {
      "conditions": {
        "items": [
          {
            "items": "minecraft:minecart"
          }
        ]
      },
      "trigger": "minecraft:inventory_changed"
    },
    "has_iron": {
      "conditions": {
        "items": [
          {
            "items": "minecraft:iron_ingot"
          }
        ]
      },
      "trigger": "minecraft:inventory_changed"
    },
    "has_the_recipe": {
      "conditions": {
        "recipe": "minecraft:rail"
      },
      "trigger": "minecraft:recipe_unlocked"
    },
    "has_the_other_recipe": {
      "conditions": {
        "recipe": "furbyessential:rail_from_copper"
      },
      "trigger": "minecraft:recipe_unlocked"
    }
  },
  "requirements": [
    [
      "has_the_recipe",
      "has_the_other_recipe",
      "has_minecart",
      "has_iron"
    ]
  ],
  "rewards": {
    "recipes": [
      "minecraft:rail",
      "furbyessential:rail_from_copper"
    ]
  }
}