{
  "parent": "minecraft:recipes/root",
  "criteria": {
    "has_copper_ingot": {
      "trigger": "minecraft:inventory_changed",
      "conditions": {
        "items": [
          {
            "items": "minecraft:copper_ingot"
          }
        ]
      }
    },
    "has_the_recipe": {
      "trigger": "minecraft:recipe_unlocked",
      "conditions": {
        "recipe": "furbyessential:lantern_from_copper"
      }
    }
  },
  "requirements": [
    [
      "has_the_recipe",
      "has_copper_ingot"
    ]
  ],
  "rewards": {
    "recipes": [
      "furbyessential:lantern_from_copper"
    ]
  },
  "sends_telemetry_event": false
}