{
  "display": {
    "icon": {
      "id": "minecraft:stone"
    },
    "title": {
      "text": "Cave Monsters"
    },
    "description": {
      "text": ""
    },
    "frame": "goal",
    "show_toast": false,
    "announce_to_chat": false,
    "hidden": false
  },
  "parent": "furbytracker:monsters_hunted/root",
  "criteria": {
    "zombie": {
      "conditions": {
        "entity": [
          {
            "condition": "minecraft:entity_properties",
            "entity": "this",
            "predicate": {
              "type": "minecraft:zombie"
            }
          }
        ]
      },
      "trigger": "minecraft:player_killed_entity"
    },
    "drowned": {
      "conditions": {
        "entity": [
          {
            "condition": "minecraft:entity_properties",
            "entity": "this",
            "predicate": {
              "type": "minecraft:drowned"
            }
          }
        ]
      },
      "trigger": "minecraft:player_killed_entity"
    },
    "zombie_villager": {
      "conditions": {
        "entity": [
          {
            "condition": "minecraft:entity_properties",
            "entity": "this",
            "predicate": {
              "type": "minecraft:zombie_villager"
            }
          }
        ]
      },
      "trigger": "minecraft:player_killed_entity"
    },
    "skeleton": {
      "conditions": {
        "entity": [
          {
            "condition": "minecraft:entity_properties",
            "entity": "this",
            "predicate": {
              "type": "minecraft:skeleton"
            }
          }
        ]
      },
      "trigger": "minecraft:player_killed_entity"
    },
    "bogged": {
      "conditions": {
        "entity": [
          {
            "condition": "minecraft:entity_properties",
            "entity": "this",
            "predicate": {
              "type": "minecraft:bogged"
            }
          }
        ]
      },
      "trigger": "minecraft:player_killed_entity"
    },
    "spider": {
      "conditions": {
        "entity": [
          {
            "condition": "minecraft:entity_properties",
            "entity": "this",
            "predicate": {
              "type": "minecraft:spider"
            }
          }
        ]
      },
      "trigger": "minecraft:player_killed_entity"
    },
    "creeper": {
      "conditions": {
        "entity": [
          {
            "condition": "minecraft:entity_properties",
            "entity": "this",
            "predicate": {
              "type": "minecraft:creeper"
            }
          }
        ]
      },
      "trigger": "minecraft:player_killed_entity"
    },
    "slime": {
      "conditions": {
        "entity": [
          {
            "condition": "minecraft:entity_properties",
            "entity": "this",
            "predicate": {
              "type": "minecraft:slime"
            }
          }
        ]
      },
      "trigger": "minecraft:player_killed_entity"
    },
    "witch": {
      "conditions": {
        "entity": [
          {
            "condition": "minecraft:entity_properties",
            "entity": "this",
            "predicate": {
              "type": "minecraft:witch"
            }
          }
        ]
      },
      "trigger": "minecraft:player_killed_entity"
    }
  },
  "requirements": [
    [
      "zombie"
    ],
    [
      "drowned"
    ],
    [
      "zombie_villager"
    ],
    [
      "skeleton"
    ],
    [
      "bogged"
    ],
    [
      "spider"
    ],
    [
      "creeper"
    ],
    [
      "slime"
    ],
    [
      "witch"
    ]
  ],
  "sends_telemetry_event": false
}