{
  "display": {
    "icon": {
      "id": "minecraft:enchanted_book"
    },
    "title": {
      "text": "Progress: Monsters Hunted"
    },
    "description": {
      "text": "You must kill all of these monsters to complete \"Monsters Hunted\""
    },
    "background": "minecraft:block/sculk_sensor_bottom",
    "frame": "task",
    "show_toast": false,
    "announce_to_chat": false,
    "hidden": false
  },
  "criteria": {
    "kill_a_mob": {
      "conditions": {
        "entity": [
          {
            "condition": "minecraft:entity_properties",
            "entity": "this",
            "predicate": {
              "type": "#furbytracker:monster_hunter"
            }
          }
        ]
      },
      "trigger": "minecraft:player_killed_entity"
    }
  },
  "requirements": [
    [
      "kill_a_mob"
    ]
  ],
  "sends_telemetry_event": false
}