{
  "display": {
    "icon": {
      "id": "minecraft:infested_stone_bricks"
    },
    "title": {
      "text": "Silverfish"
    },
    "description": {
      "text": ""
    },
    "frame": "task",
    "show_toast": false,
    "announce_to_chat": false,
    "hidden": false
  },
  "parent": "furbytracker:monsters_hunted/stray",
  "criteria": {
    "killed_monster": {
      "conditions": {
        "entity": [
          {
            "condition": "minecraft:entity_properties",
            "entity": "this",
            "predicate": {
              "type": "minecraft:silverfish"
            }
          }
        ]
      },
      "trigger": "minecraft:player_killed_entity"
    }
  },
  "requirements": [
    [
      "killed_monster"
    ]
  ],
  "sends_telemetry_event": false
}