{
  "display": {
    "icon": {
      "id": "minecraft:tipped_arrow",
      "components": {
        "minecraft:potion_contents": {
          "potion": "minecraft:long_slowness"
        }
      }
    },
    "title": {
      "text": "Stray"
    },
    "description": {
      "text": ""
    },
    "frame": "task",
    "show_toast": false,
    "announce_to_chat": false,
    "hidden": false
  },
  "parent": "furbytracker:monsters_hunted/husk",
  "criteria": {
    "killed_monster": {
      "conditions": {
        "entity": [
          {
            "condition": "minecraft:entity_properties",
            "entity": "this",
            "predicate": {
              "type": "minecraft:stray"
            }
          }
        ]
      },
      "trigger": "minecraft:player_killed_entity"
    }
  },
  "requirements": [
    [
      "killed_monster"
    ]
  ],
  "sends_telemetry_event": false
}