{
  "display": {
    "icon": {
      "id": "minecraft:trial_spawner",
      "components": {
        "minecraft:block_state": {
          "trial_spawner_state": "active"
        }
      }
    },
    "title": {
      "text": "Monsters from Underground Structures"
    },
    "description": {
      "text": ""
    },
    "frame": "goal",
    "show_toast": false,
    "announce_to_chat": false,
    "hidden": false
  },
  "parent": "furbytracker:monsters_hunted/root",
  "criteria": {
    "cave_spider": {
      "conditions": {
        "entity": [
          {
            "condition": "minecraft:entity_properties",
            "entity": "this",
            "predicate": {
              "type": "minecraft:cave_spider"
            }
          }
        ]
      },
      "trigger": "minecraft:player_killed_entity"
    },
    "breeze": {
      "conditions": {
        "entity": [
          {
            "condition": "minecraft:entity_properties",
            "entity": "this",
            "predicate": {
              "type": "minecraft:breeze"
            }
          }
        ]
      },
      "trigger": "minecraft:player_killed_entity"
    },
    "husk": {
      "conditions": {
        "entity": [
          {
            "condition": "minecraft:entity_properties",
            "entity": "this",
            "predicate": {
              "type": "minecraft:husk"
            }
          }
        ]
      },
      "trigger": "minecraft:player_killed_entity"
    },
    "stray": {
      "conditions": {
        "entity": [
          {
            "condition": "minecraft:entity_properties",
            "entity": "this",
            "predicate": {
              "type": "minecraft:stray"
            }
          }
        ]
      },
      "trigger": "minecraft:player_killed_entity"
    },
    "silverfish": {
      "conditions": {
        "entity": [
          {
            "condition": "minecraft:entity_properties",
            "entity": "this",
            "predicate": {
              "type": "minecraft:silverfish"
            }
          }
        ]
      },
      "trigger": "minecraft:player_killed_entity"
    }
  },
  "requirements": [
    [
      "cave_spider"
    ],
    [
      "breeze"
    ],
    [
      "husk"
    ],
    [
      "stray"
    ],
    [
      "silverfish"
    ]
  ],
  "sends_telemetry_event": false
}