{
  "parent": "minecraft:adventure/find_ancient_city",
  "criteria": {
    "punched_warden": {
      "trigger": "minecraft:player_hurt_entity",
      "conditions": {
        "player": {
          "equipment": {
            "mainhand": {
              "items": "air"
            }
          }
        },
        "entity": {
          "type": "minecraft:warden"
        }
      }
    }
  },
  "display": {
    "description": "Punch the Warden with an empty fist",
    "icon": {
      "id": "minecraft:sculk_shrieker",
      "components": {
        "minecraft:block_state": {
          "can_summon": "true",
          "shrieking": "true"
        }
      }
    },
    "title": "The Prison Jester",
    "frame": "challenge"
  },
  "requirements": [
    [
      "punched_warden"
    ]
  ],
  "rewards": {
    "experience": 500
  },
  "sends_telemetry_event": false
}