{
  "parent": "minecraft:recipes/root",
  "criteria": {
    "has_the_recipe": {
      "conditions": {
        "recipe": "minecraft:bamboo_raft"
      },
      "trigger": "minecraft:recipe_unlocked"
    },
    "in_water": {
      "conditions": {
        "block": "minecraft:water"
      },
      "trigger": "minecraft:enter_block"
    },
    "has_planks": {
      "conditions": {
        "items": [
          {
            "items": "minecraft:bamboo_planks"
          }
        ]
      },
      "trigger": "minecraft:inventory_changed"
    }
  },
  "requirements": [
    [
      "has_the_recipe",
      "in_water",
      "has_planks"
    ]
  ],
  "rewards": {
    "recipes": [
      "minecraft:bamboo_raft"
    ]
  },
  "sends_telemetry_event": false
}