{
  "dimensions": {
    "minecraft:overworld": {
      "type": "furbycave:overworld",
      "generator": {
        "type": "minecraft:noise",
        "settings": "furbycave:overworld",
        "biome_source": {
          "type": "minecraft:multi_noise",
          "biomes": [
            {
              "biome": "furbycave:dripstone_caves",
              "parameters": {
                "temperature": 0,
                "humidity": [-2,0],
                "continentalness": 0,
                "erosion": [-0.3,2],
                "weirdness": 0,
                "depth": [-2,2],
                "offset": 0
              }
            },
            {
              "biome": "furbycave:dripstone_caves",
              "parameters": {
                "temperature": 0,
                "humidity": [-2,0],
                "continentalness": 0,
                "erosion": [-2,-0.3],
                "weirdness": 0,
                "depth": [-2,0.5],
                "offset": 0
              }
            },
            {
              "biome": "furbycave:lush_caves",
              "parameters": {
                "temperature": 0,
                "humidity": [0,2],
                "continentalness": 0,
                "erosion": [-0.3,2],
                "weirdness": 0,
                "depth": [-2,2],
                "offset": 0
              }
            },
            {
              "biome": "furbycave:lush_caves",
              "parameters": {
                "temperature": 0,
                "humidity": [0,2],
                "continentalness": 0,
                "erosion": [-2,-0.3],
                "weirdness": 0,
                "depth": [-2,0.5],
                "offset": 0
              }
            },
            {
              "biome": "furbycave:deep_dark",
              "parameters": {
                "temperature": 0,
                "humidity": [-2,2],
                "continentalness": 0,
                "erosion": [-2,-0.3],
                "weirdness": 0,
                "depth": [0.5,2],
                "offset": 0
              }
            }
          ]
        }
      }
    },
    "minecraft:the_nether": {
      "type": "minecraft:the_nether",
      "generator": {
        "type": "minecraft:noise",
        "settings": "minecraft:nether",
        "biome_source": {
          "type": "minecraft:multi_noise",
          "preset": "minecraft:nether"
        }
      }
    },
    "minecraft:the_end": {
      "type": "minecraft:the_end",
      "generator": {
        "type": "minecraft:noise",
        "settings": "minecraft:end",
        "biome_source": {
          "type": "minecraft:the_end"
        }
      }
    }
  }
}