{
  "type": "minecraft:chest",
  "pools": [
    {
      "rolls": 1,
      "entries": [
        {
          "type": "minecraft:item",
          "weight": 3,
          "name": "minecraft:firework_rocket",
          "functions": [
            {
              "function": "minecraft:set_count",
              "count": {
                "min": 8,
                "max": 14
              }
            },
            {
              "function": "minecraft:set_components",
              "components": {
                "minecraft:fireworks": {
                  "flight_duration": 1,
                  "explosions": []
                }
              }
            }
          ]
        },
        {
          "type": "minecraft:item",
          "weight": 2,
          "name": "minecraft:firework_rocket",
          "functions": [
            {
              "function": "minecraft:set_count",
              "count": {
                "min": 6,
                "max": 10
              }
            },
            {
              "function": "minecraft:set_components",
              "components": {
                "minecraft:fireworks": {
                  "flight_duration": 2,
                  "explosions": []
                }
              }
            }
          ]
        },
        {
          "type": "minecraft:item",
          "weight": 1,
          "name": "minecraft:firework_rocket",
          "functions": [
            {
              "function": "minecraft:set_count",
              "count": {
                "min": 4,
                "max": 8
              }
            },
            {
              "function": "minecraft:set_components",
              "components": {
                "minecraft:fireworks": {
                  "flight_duration": 3,
                  "explosions": []
                }
              }
            }
          ]
        }
      ]
    },
    {
      "rolls": 3,
      "entries": [
        {
          "type": "minecraft:empty",
          "weight": 3
        },
        {
          "type": "minecraft:item",
          "weight": 1,
          "name": "minecraft:firework_rocket",
          "functions": [
            {
              "function": "minecraft:set_count",
              "count": {
                "min": 2,
                "max": 6
              }
            },
            {
              "function": "minecraft:set_components",
              "components": {
                "minecraft:fireworks": {
                  "flight_duration": 1,
                  "explosions": []
                }
              }
            }
          ]
        },
        {
          "type": "minecraft:item",
          "weight": 1,
          "name": "minecraft:firework_rocket",
          "functions": [
            {
              "function": "minecraft:set_count",
              "count": {
                "min": 1,
                "max": 5
              }
            },
            {
              "function": "minecraft:set_components",
              "components": {
                "minecraft:fireworks": {
                  "flight_duration": 2,
                  "explosions": []
                }
              }
            }
          ]
        },
        {
          "type": "minecraft:item",
          "weight": 1,
          "name": "minecraft:firework_rocket",
          "functions": [
            {
              "function": "minecraft:set_count",
              "count": {
                "min": 1,
                "max": 2
              }
            },
            {
              "function": "minecraft:set_components",
              "components": {
                "minecraft:fireworks": {
                  "flight_duration": 3,
                  "explosions": []
                }
              }
            }
          ]
        }
      ]
    },
    {
      "rolls": 1,
      "entries": [
        {
          "type": "minecraft:item",
          "name": "minecraft:phantom_membrane",
          "functions": [
            {
              "function": "minecraft:set_count",
              "count": {
                "min": 2,
                "max": 5
              }
            }
          ]
        }
      ]
    },
    {
      "rolls": {
        "min": 1,
        "max": 3
      },
      "entries": [
        {
          "type": "minecraft:item",
          "weight": 1,
          "name": "minecraft:gunpowder",
          "functions": [
            {
              "function": "minecraft:set_count",
              "count": {
                "min": 3,
                "max": 5
              }
            }
          ]
        },
        {
          "type": "minecraft:item",
          "weight": 1,
          "name": "minecraft:paper",
          "functions": [
            {
              "function": "minecraft:set_count",
              "count": {
                "min": 6,
                "max": 9
              }
            }
          ]
        }
      ]
    },
    {
      "rolls": 1,
      "entries": [
        {
          "type": "minecraft:item",
          "name": "minecraft:experience_bottle",
          "functions": [
            {
              "function": "minecraft:set_count",
              "count": {
                "min": 3,
                "max": 12
              }
            }
          ]
        }
      ]
    }
  ],
  "random_sequence": "furbypack:chests/phantom_circle/elytra_supplies"
}