{
  "type": "minecraft:chest",
  "pools": [
    {
      "rolls": 1,
      "entries": [
        {
          "type": "minecraft:item",
          "name": "minecraft:end_stone",
          "functions": [
            {
              "function": "minecraft:set_count",
              "count": {
                "min": 14,
                "max": 20
              }
            }
          ]
        }
      ]
    },
    {
      "rolls": {
        "min": 3,
        "max": 4
      },
      "entries": [
        {
          "type": "minecraft:item",
          "weight": 12,
          "name": "minecraft:ender_pearl",
          "functions": [
            {
              "function": "minecraft:set_count",
              "count": {
                "min": 2,
                "max": 4
              }
            }
          ]
        },
        {
          "type": "minecraft:item",
          "weight": 4,
          "name": "minecraft:ender_eye"
        },
        {
          "type": "minecraft:item",
          "weight": 6,
          "name": "minecraft:chorus_fruit",
          "functions": [
            {
              "function": "minecraft:set_count",
              "count": {
                "min": 4,
                "max": 8
              }
            }
          ]
        },
        {
          "type": "minecraft:item",
          "weight": 6,
          "name": "minecraft:popped_chorus_fruit",
          "functions": [
            {
              "function": "minecraft:set_count",
              "count": {
                "min": 5,
                "max": 6
              }
            }
          ]
        },
        {
          "type": "minecraft:item",
          "weight": 2,
          "name": "minecraft:end_crystal"
        },
        {
          "type": "minecraft:item",
          "weight": 1,
          "name": "minecraft:dragon_breath",
          "functions": [
            {
              "function": "minecraft:set_count",
              "count": 8
            }
          ]
        },
        {
          "type": "minecraft:item",
          "weight": 1,
          "name": "minecraft:dragon_breath",
          "functions": [
            {
              "function": "minecraft:set_count",
              "count": 12
            }
          ]
        }
      ]
    },
    {
      "rolls": 1,
      "entries": [
        {
          "type": "minecraft:empty",
          "weight": 9
        },
        {
          "type": "minecraft:item",
          "weight": 1,
          "name": "minecraft:shulker_shell"
        }
      ]
    }
  ],
  "random_sequence": "furbypack:chests/phantom_circle/end_resources"
}