{
  "type": "minecraft:chest",
  "pools": [
    {
      "rolls": 1,
      "entries": [
        {
          "type": "minecraft:loot_table",
          "value": "furbypack:chests/phantom_circle/elytra_supplies"
        },
        {
          "type": "minecraft:loot_table",
          "value": "furbypack:chests/phantom_circle/end_resources"
        },
        {
          "type": "minecraft:loot_table",
          "value": "furbypack:chests/phantom_circle/combat_supplies"
        },
        {
          "type": "minecraft:loot_table",
          "value": "furbypack:chests/phantom_circle/treasure"
        }
      ]
    }
  ],
  "random_sequence": "furbypack:chests/phantom_circle/full_random"
}