{
  "parent": "furbycave:nether/wither_drain_book",
  "criteria": {
    "wooden_sword": {
      "trigger": "minecraft:inventory_changed",
      "conditions": {
        "items": [
          {
            "items": "minecraft:wooden_sword",
            "predicates": {
              "minecraft:enchantments": [
                {
                  "enchantments": "furbycave:wither_drain"
                }
              ]
            }
          }
        ]
      }
    },
    "stone_sword": {
      "trigger": "minecraft:inventory_changed",
      "conditions": {
        "items": [
          {
            "items": "minecraft:stone_sword",
            "predicates": {
              "minecraft:enchantments": [
                {
                  "enchantments": "furbycave:wither_drain"
                }
              ]
            }
          }
        ]
      }
    },
    "iron_sword": {
      "trigger": "minecraft:inventory_changed",
      "conditions": {
        "items": [
          {
            "items": "minecraft:iron_sword",
            "predicates": {
              "minecraft:enchantments": [
                {
                  "enchantments": "furbycave:wither_drain"
                }
              ]
            }
          }
        ]
      }
    },
    "golden_sword": {
      "trigger": "minecraft:inventory_changed",
      "conditions": {
        "items": [
          {
            "items": "minecraft:golden_sword",
            "predicates": {
              "minecraft:enchantments": [
                {
                  "enchantments": "furbycave:wither_drain"
                }
              ]
            }
          }
        ]
      }
    },
    "diamond_sword": {
      "trigger": "minecraft:inventory_changed",
      "conditions": {
        "items": [
          {
            "items": "minecraft:diamond_sword",
            "predicates": {
              "minecraft:enchantments": [
                {
                  "enchantments": "furbycave:wither_drain"
                }
              ]
            }
          }
        ]
      }
    },
    "netherite_sword": {
      "trigger": "minecraft:inventory_changed",
      "conditions": {
        "items": [
          {
            "items": "minecraft:netherite_sword",
            "predicates": {
              "minecraft:enchantments": [
                {
                  "enchantments": "furbycave:wither_drain"
                }
              ]
            }
          }
        ]
      }
    },
    "wooden_axe": {
      "trigger": "minecraft:inventory_changed",
      "conditions": {
        "items": [
          {
            "items": "minecraft:wooden_axe",
            "predicates": {
              "minecraft:enchantments": [
                {
                  "enchantments": "furbycave:wither_drain"
                }
              ]
            }
          }
        ]
      }
    },
    "stone_axe": {
      "trigger": "minecraft:inventory_changed",
      "conditions": {
        "items": [
          {
            "items": "minecraft:stone_axe",
            "predicates": {
              "minecraft:enchantments": [
                {
                  "enchantments": "furbycave:wither_drain"
                }
              ]
            }
          }
        ]
      }
    },
    "iron_axe": {
      "trigger": "minecraft:inventory_changed",
      "conditions": {
        "items": [
          {
            "items": "minecraft:iron_axe",
            "predicates": {
              "minecraft:enchantments": [
                {
                  "enchantments": "furbycave:wither_drain"
                }
              ]
            }
          }
        ]
      }
    },
    "golden_axe": {
      "trigger": "minecraft:inventory_changed",
      "conditions": {
        "items": [
          {
            "items": "minecraft:golden_axe",
            "predicates": {
              "minecraft:enchantments": [
                {
                  "enchantments": "furbycave:wither_drain"
                }
              ]
            }
          }
        ]
      }
    },
    "diamond_axe": {
      "trigger": "minecraft:inventory_changed",
      "conditions": {
        "items": [
          {
            "items": "minecraft:diamond_axe",
            "predicates": {
              "minecraft:enchantments": [
                {
                  "enchantments": "furbycave:wither_drain"
                }
              ]
            }
          }
        ]
      }
    },
    "netherite_axe": {
      "trigger": "minecraft:inventory_changed",
      "conditions": {
        "items": [
          {
            "items": "minecraft:netherite_axe",
            "predicates": {
              "minecraft:enchantments": [
                {
                  "enchantments": "furbycave:wither_drain"
                }
              ]
            }
          }
        ]
      }
    },
    "mace": {
      "trigger": "minecraft:inventory_changed",
      "conditions": {
        "items": [
          {
            "items": "minecraft:mace",
            "predicates": {
              "minecraft:enchantments": [
                {
                  "enchantments": "furbycave:wither_drain"
                }
              ]
            }
          }
        ]
      }
    },
    "trident": {
      "trigger": "minecraft:inventory_changed",
      "conditions": {
        "items": [
          {
            "items": "minecraft:trident",
            "predicates": {
              "minecraft:enchantments": [
                {
                  "enchantments": "furbycave:wither_drain"
                }
              ]
            }
          }
        ]
      }
    }
  },
  "display": {
    "description": "Use an Anvil to put Wither Drain on a Sword, Axe, Mace, or Trident",
    "icon": {
      "components": {
        "minecraft:enchantments": {
          "levels": {
            "furbycave:wither_drain": 1
          }
        }
      },
      "count": 1,
      "id": "minecraft:trident"
    },
    "title": "Villain Arc",
    "frame": "goal"
  },
  "requirements": [
    [
      "wooden_sword",
      "stone_sword",
      "iron_sword",
      "golden_sword",
      "diamond_sword",
      "netherite_sword",
      "wooden_axe",
      "stone_axe",
      "iron_axe",
      "golden_axe",
      "diamond_axe",
      "netherite_axe",
      "mace",
      "trident"
    ]
  ],
  "rewards": {
    "experience": 50
  },
  "sends_telemetry_event": true
}