{
  "type": "minecraft:chest",
  "pools": [
    {
      "rolls": {
        "type": "minecraft:uniform",
        "min": 2,
        "max": 4
      },
      "bonus_rolls": 0,
      "entries": [
        {
          "type": "minecraft:item",
          "name": "minecraft:diamond",
          "weight": 5,
          "functions": [
            {
              "function": "minecraft:set_count",
              "count": {
                "type": "minecraft:uniform",
                "min": 1,
                "max": 3
              },
              "add": false
            }
          ]
        },
        {
          "type": "minecraft:item",
          "name": "minecraft:iron_ingot",
          "weight": 5,
          "functions": [
            {
              "function": "minecraft:set_count",
              "count": {
                "type": "minecraft:uniform",
                "min": 1,
                "max": 5
              },
              "add": false
            }
          ]
        },
        {
          "type": "minecraft:item",
          "name": "minecraft:gold_ingot",
          "weight": 15,
          "functions": [
            {
              "function": "minecraft:set_count",
              "count": {
                "type": "minecraft:uniform",
                "min": 2,
                "max": 6
              },
              "add": false
            }
          ]
        },
        {
          "type": "minecraft:item",
          "name": "minecraft:nether_wart",
          "weight": 5,
          "functions": [
            {
              "function": "minecraft:set_count",
              "count": {
                "type": "minecraft:uniform",
                "min": 3,
                "max": 7
              },
              "add": false
            }
          ]
        },
        {
          "type": "minecraft:item",
          "name": "minecraft:obsidian",
          "weight": 5,
          "functions": [
            {
              "function": "minecraft:set_count",
              "count": {
                "type": "minecraft:uniform",
                "min": 2,
                "max": 4
              },
              "add": false
            }
          ]
        }
      ]
    },
    {
      "rolls": 1,
      "entries": [
        {
          "type": "minecraft:item",
          "name": "minecraft:saddle",
          "weight": 10
        },
        {
          "type": "minecraft:item",
          "name": "minecraft:golden_chestplate",
          "weight": 10,
          "functions": [
            {
              "function": "minecraft:enchant_with_levels",
              "levels": {
                "type": "minecraft:uniform",
                "min": 15,
                "max": 30
              },
              "options": [
                "minecraft:fire_protection",
                "minecraft:unbreaking",
                "minecraft:mending",
                "minecraft:protection",
                "minecraft:vanishing_curse",
                "minecraft:binding_curse"
              ],
              "conditions": [
                {
                  "condition": "minecraft:random_chance",
                  "chance": 0.5
                }
              ]
            }
          ]
        },
        {
          "type": "minecraft:item",
          "name": "minecraft:golden_sword",
          "weight": 10,
          "functions": [
            {
              "function": "minecraft:enchant_with_levels",
              "levels": {
                "type": "minecraft:uniform",
                "min": 15,
                "max": 30
              },
              "options": [
                "minecraft:unbreaking",
                "minecraft:mending",
                "minecraft:fire_aspect",
                "minecraft:sharpness",
                "minecraft:smite",
                "minecraft:looting",
                "minecraft:vanishing_curse"
              ],
              "conditions": [
                {
                  "condition": "minecraft:random_chance",
                  "chance": 0.5
                }
              ]
            }
          ]
        },
        {
          "type": "minecraft:item",
          "name": "minecraft:flint_and_steel",
          "weight": 5,
          "functions": [
            {
              "function": "minecraft:enchant_randomly",
              "options": "minecraft:unbreaking",
              "only_compatible": true
            },
            {
              "function": "minecraft:enchant_randomly",
              "options": "minecraft:vanishing_curse",
              "only_compatible": true,
              "conditions": [
                {
                  "condition": "minecraft:random_chance",
                  "chance": 0.1
                }
              ]
            }
          ]
        },
        {
          "type": "minecraft:item",
          "name": "minecraft:flint_and_steel",
          "weight": 2,
          "functions": [
            {
              "function": "minecraft:enchant_randomly",
              "options": "minecraft:mending",
              "only_compatible": true
            },
            {
              "function": "minecraft:enchant_randomly",
              "options": "minecraft:vanishing_curse",
              "only_compatible": true,
              "conditions": [
                {
                  "condition": "minecraft:random_chance",
                  "chance": 0.1
                }
              ]
            }
          ]
        },
        {
          "type": "minecraft:item",
          "name": "minecraft:flint_and_steel",
          "weight": 3
        }
      ]
    },
    {
      "rolls": 1,
      "bonus_rolls": 0,
      "entries": [
        {
          "type": "minecraft:empty",
          "weight": 9
        },
        {
          "type": "minecraft:item",
          "name": "minecraft:rib_armor_trim_smithing_template"
        }
      ]
    }
  ],
  "random_sequence": "minecraft:chests/nether_bridge"
}