{
  "parent": "minecraft:nether/kill_wither",
  "criteria": {
    "wither_drain": {
      "trigger": "minecraft:recipe_crafted",
      "conditions": {
        "recipe_id": "furbycave:smithing/withering_book"
      }
    }
  },
  "display": {
    "description": "Use a Nether Star and a Netherite Upgrade at a Smithing Table to Enchant a Book with Withering",
    "icon": {
      "id": "minecraft:wither_rose"
    },
    "title": "God of Death"
  },
  "requirements": [
    [
      "wither_drain"
    ]
  ],
  "sends_telemetry_event": false
}